action_id,action_label,source,frame_id,time_sec,pose_ok,feature_ok,mean_keypoint_conf,low_keypoint_count,hip_center_x,hip_center_y,shoulder_width,nose_x,nose_y,left_eye_x,left_eye_y,right_eye_x,right_eye_y,left_ear_x,left_ear_y,right_ear_x,right_ear_y,left_shoulder_x,left_shoulder_y,right_shoulder_x,right_shoulder_y,left_elbow_x,left_elbow_y,right_elbow_x,right_elbow_y,left_wrist_x,left_wrist_y,right_wrist_x,right_wrist_y,left_hip_x,left_hip_y,right_hip_x,right_hip_y,left_knee_x,left_knee_y,right_knee_x,right_knee_y,left_ankle_x,left_ankle_y,right_ankle_x,right_ankle_y,left_elbow_angle,right_elbow_angle,left_knee_angle,right_knee_angle
A001,bend_return,bend_return.mp4,0,0.0,1,1,0.9733,0,345.505,249.119,56.5271,-0.00186,-2.405163,0.108075,-2.515685,-0.117243,-2.517222,0.267692,-2.424663,-0.301115,-2.423955,0.48037,-1.711498,-0.519217,-1.682755,0.671599,-0.816181,-0.760118,-0.756518,0.768237,-0.037304,-0.853626,0.012388,0.348788,-0.007398,-0.348788,0.007398,0.478129,1.27899,-0.580902,1.316069,0.539378,2.461042,-0.669195,2.501411,175.016224,172.354965,177.224766,174.202212
A001,bend_return,bend_return.mp4,1,0.04,1,1,0.9732,0,345.2601,248.9448,56.5514,0.004055,-2.399993,0.113769,-2.510729,-0.11192,-2.512254,0.271928,-2.419971,-0.298707,-2.419456,0.482591,-1.70692,-0.517046,-1.679978,0.674936,-0.807754,-0.756128,-0.753467,0.768767,-0.02653,-0.849664,0.012943,0.348872,-0.007173,-0.348872,0.007173,0.482707,1.279066,-0.575981,1.316056,0.543655,2.462766,-0.666284,2.503348,174.774377,172.489082,177.007029,174.50581
A001,bend_return,bend_return.mp4,2,0.08,1,1,0.9731,0,345.1445,248.6788,56.5501,0.00599,-2.392094,0.11548,-2.504237,-0.10998,-2.504524,0.27465,-2.417516,-0.295623,-2.414537,0.485679,-1.706189,-0.513936,-1.678427,0.677317,-0.804337,-0.756451,-0.749482,0.765566,-0.027034,-0.848782,0.022313,0.348679,-0.007314,-0.34868,0.007314,0.481454,1.280423,-0.574739,1.317577,0.54565,2.465591,-0.661336,2.509434,174.480685,172.190556,177.213785,174.366744
A001,bend_return,bend_return.mp4,3,0.12,1,1,0.9731,0,345.1332,248.7386,56.7491,0.005125,-2.382618,0.114996,-2.495341,-0.110921,-2.495346,0.274522,-2.411017,-0.296614,-2.40784,0.485638,-1.702424,-0.514023,-1.676369,0.676902,-0.798435,-0.753213,-0.749418,0.760527,-0.021356,-0.844953,0.024011,0.348553,-0.006825,-0.348554,0.006825,0.478883,1.278292,-0.575037,1.313846,0.54394,2.459216,-0.656293,2.502741,174.195961,172.295587,177.362402,174.079039
A001,bend_return,bend_return.mp4,4,0.16,1,1,0.9726,0,344.9743,248.7773,56.831,0.008905,-2.380039,0.118587,-2.49318,-0.107135,-2.493025,0.27751,-2.410381,-0.294063,-2.407205,0.48758,-1.70346,-0.512084,-1.677523,0.680303,-0.800154,-0.750111,-0.752157,0.761606,-0.019969,-0.843353,0.018829,0.348521,-0.006921,-0.348521,0.006921,0.482003,1.275462,-0.569359,1.311879,0.544513,2.451867,-0.652255,2.495649,173.905644,172.470685,177.099232,174.400488
A001,bend_return,bend_return.mp4,5,0.2,1,1,0.9727,0,344.8365,248.969,56.9381,0.008303,-2.37221,0.118183,-2.486107,-0.1074,-2.485155,0.279509,-2.406807,-0.291766,-2.401811,0.490552,-1.701607,-0.509096,-1.67507,0.679283,-0.801747,-0.745772,-0.753838,0.761504,-0.027015,-0.837725,0.017924,0.348369,-0.007069,-0.348369,0.007069,0.480869,1.274306,-0.568079,1.311731,0.543802,2.444536,-0.644977,2.492221,174.212736,172.386166,177.174577,174.167965
A001,bend_return,bend_return.mp4,6,0.24,1,1,0.9726,0,344.7963,249.0559,56.8927,0.007947,-2.375041,0.118085,-2.489139,-0.107353,-2.488053,0.28095,-2.410967,-0.289581,-2.40556,0.491633,-1.706647,-0.507968,-1.678382,0.67587,-0.811891,-0.74841,-0.757505,0.758799,-0.040172,-0.837124,0.018104,0.348517,-0.007544,-0.348517,0.007544,0.482216,1.27301,-0.568455,1.311584,0.545266,2.442103,-0.645843,2.49152,174.498467,171.891818,177.126625,174.179202
A001,bend_return,bend_return.mp4,7,0.28,1,1,0.9723,0,344.4518,249.0206,57.1777,0.009048,-2.356218,0.122175,-2.471783,-0.105647,-2.472165,0.289618,-2.398547,-0.28621,-2.397523,0.498045,-1.698646,-0.501696,-1.675882,0.683494,-0.80042,-0.736948,-0.753141,0.760886,-0.031672,-0.822276,0.025945,0.348758,-0.006201,-0.348758,0.006201,0.485982,1.273516,-0.562947,1.307619,0.544809,2.437701,-0.641623,2.481453,174.083411,171.947431,176.772322,174.488502
A001,bend_return,bend_return.mp4,8,0.32,1,1,0.9723,0,344.1752,248.548,57.0218,0.010147,-2.35043,0.122262,-2.466448,-0.103384,-2.466392,0.290448,-2.395956,-0.281441,-2.394668,0.502206,-1.694376,-0.497638,-1.676739,0.690866,-0.790786,-0.735223,-0.755568,0.772342,-0.017477,-0.81771,0.033562,0.348735,-0.005201,-0.348735,0.005201,0.490674,1.279327,-0.560166,1.31126,0.550929,2.453445,-0.64012,2.498816,174.221209,171.505067,176.632214,174.656209
A001,bend_return,bend_return.mp4,9,0.36,1,1,0.9719,0,344.0185,248.7216,57.3728,0.012933,-2.320994,0.124213,-2.439866,-0.101305,-2.43741,0.292984,-2.380168,-0.279853,-2.374245,0.504226,-1.691075,-0.495545,-1.669686,0.690517,-0.784704,-0.73215,-0.7457,0.76949,-0.012527,-0.805047,0.036868,0.348659,-0.006394,-0.34866,0.006394,0.493177,1.26895,-0.554722,1.305993,0.550836,2.436486,-0.633926,2.4907,174.225009,170.958863,176.362342,174.815144
A001,bend_return,bend_return.mp4,10,0.4,1,1,0.9717,0,344.0806,248.8501,57.6714,0.010699,-2.301713,0.120644,-2.420863,-0.102914,-2.416919,0.289399,-2.365261,-0.280225,-2.356257,0.504152,-1.683522,-0.495575,-1.660128,0.693284,-0.78625,-0.733943,-0.748235,0.76678,-0.008956,-0.804599,0.032333,0.348416,-0.006812,-0.348416,0.006812,0.492751,1.261961,-0.551243,1.300846,0.548711,2.419286,-0.630251,2.476312,173.498563,170.522942,176.278056,174.937204
A001,bend_return,bend_return.mp4,11,0.44,1,1,0.9714,0,343.7676,249.0048,58.4665,-0.000466,-2.259341,0.112973,-2.376332,-0.109233,-2.375796,0.291373,-2.322249,-0.273033,-2.320777,0.509401,-1.654158,-0.490341,-1.631456,0.696682,-0.769297,-0.732737,-0.722205,0.762845,0.008901,-0.77183,0.048346,0.347822,-0.006806,-0.347821,0.006806,0.494289,1.244535,-0.537232,1.282102,0.542149,2.39667,-0.611346,2.442207,172.909282,167.977147,175.702671,175.207395
A001,bend_return,bend_return.mp4,12,0.48,1,1,0.9697,0,343.8171,249.724,59.5244,0.000832,-2.186359,0.110623,-2.306969,-0.108382,-2.304096,0.28666,-2.273134,-0.276349,-2.268035,0.50567,-1.627514,-0.494095,-1.605859,0.682395,-0.734305,-0.7276,-0.698523,0.742008,0.038171,-0.75596,0.048521,0.347959,-0.007563,-0.347959,0.007563,0.498946,1.212542,-0.529027,1.256612,0.530092,2.329443,-0.604332,2.386726,173.221151,167.741981,174.542923,175.563896
A001,bend_return,bend_return.mp4,13,0.52,1,1,0.9683,0,342.9218,251.1903,60.511,0.004481,-2.126374,0.114918,-2.24679,-0.10245,-2.244239,0.298143,-2.225118,-0.263008,-2.220054,0.515503,-1.603909,-0.484183,-1.578844,0.67878,-0.722815,-0.71806,-0.672373,0.732219,0.042589,-0.711665,0.071822,0.347864,-0.009212,-0.347864,0.009212,0.505466,1.177006,-0.513783,1.226665,0.533682,2.263642,-0.578718,2.325755,173.495276,165.040361,173.919395,175.620418
A001,bend_return,bend_return.mp4,14,0.56,1,1,0.9673,0,342.2206,252.1787,59.9365,0.023714,-2.087328,0.130437,-2.211834,-0.085559,-2.207175,0.308366,-2.208473,-0.257678,-2.200424,0.519567,-1.606561,-0.480112,-1.581201,0.692664,-0.729876,-0.70728,-0.67864,0.726482,0.054296,-0.681535,0.090664,0.348879,-0.009963,-0.348879,0.009963,0.521532,1.175678,-0.501147,1.227588,0.54643,2.263257,-0.579149,2.330313,171.300306,163.95574,173.026273,176.918279
A001,bend_return,bend_return.mp4,15,0.6,1,1,0.9688,0,341.8098,251.0135,60.4508,0.025233,-1.939155,0.128658,-2.070556,-0.09112,-2.058622,0.317209,-2.101934,-0.262573,-2.073959,0.5341,-1.53781,-0.465443,-1.507591,0.694475,-0.637958,-0.693281,-0.603536,0.687489,0.165889,-0.633245,0.189737,0.347279,-0.010572,-0.347279,0.010573,0.506247,1.167428,-0.493272,1.224053,0.539116,2.245963,-0.551363,2.337632,169.396646,161.527101,174.0601,176.125963
A001,bend_return,bend_return.mp4,16,0.64,1,1,0.9681,0,341.118,251.7671,60.8661,0.019466,-1.812747,0.122061,-1.940426,-0.090854,-1.932222,0.33074,-1.991753,-0.23344,-1.966308,0.56338,-1.464631,-0.436244,-1.437237,0.700865,-0.581609,-0.688346,-0.544371,0.679861,0.202981,-0.596235,0.256957,0.347154,-0.009481,-0.347154,0.00948,0.50917,1.140537,-0.491742,1.194215,0.558138,2.225512,-0.525219,2.316924,169.616756,157.675737,174.565089,174.7498
A001,bend_return,bend_return.mp4,17,0.68,1,1,0.9684,0,340.0597,250.501,59.9197,0.047653,-1.658508,0.148268,-1.791955,-0.069917,-1.782622,0.358916,-1.873001,-0.225543,-1.842349,0.58498,-1.388505,-0.414752,-1.365346,0.737617,-0.483622,-0.657195,-0.458662,0.682711,0.294231,-0.551759,0.351635,0.347554,-0.007826,-0.347554,0.007826,0.514715,1.147272,-0.488906,1.196054,0.589133,2.283065,-0.513289,2.378,166.387753,157.61598,175.514237,174.397899
A001,bend_return,bend_return.mp4,18,0.72,1,1,0.9673,0,339.0954,249.2269,60.1111,0.050106,-1.549361,0.153851,-1.680803,-0.067105,-1.676432,0.381499,-1.778028,-0.210494,-1.75263,0.611223,-1.329263,-0.388484,-1.305055,0.757462,-0.420009,-0.624864,-0.384804,0.689072,0.353126,-0.515858,0.41918,0.347645,-0.007066,-0.347645,0.007066,0.522218,1.143199,-0.478048,1.190087,0.608681,2.293242,-0.486604,2.379771,165.807979,157.872929,175.669754,174.121867
A001,bend_return,bend_return.mp4,19,0.76,1,1,0.9675,0,339.2943,247.2882,60.5518,0.069606,-1.429925,0.164907,-1.560535,-0.04617,-1.557024,0.376098,-1.674058,-0.205234,-1.651271,0.598833,-1.259358,-0.400697,-1.228723,0.738245,-0.336452,-0.607853,-0.277296,0.660251,0.425299,-0.48679,0.521068,0.347683,-0.009523,-0.347684,0.009523,0.513243,1.141145,-0.483638,1.19675,0.595764,2.300426,-0.471883,2.390051,165.563957,159.093986,175.88396,172.90295
A001,bend_return,bend_return.mp4,20,0.8,1,1,0.967,0,339.0594,245.9196,61.0308,0.076258,-1.290305,0.170026,-1.420576,-0.041393,-1.419909,0.378822,-1.554214,-0.21044,-1.53682,0.594896,-1.18842,-0.404736,-1.161268,0.735607,-0.265908,-0.592107,-0.206442,0.636017,0.49309,-0.455083,0.590372,0.347737,-0.008835,-0.347738,0.008835,0.506321,1.139787,-0.485508,1.192658,0.60015,2.314866,-0.451852,2.397045,163.852307,159.140213,176.704435,171.761239
A001,bend_return,bend_return.mp4,21,0.84,1,1,0.9645,0,339.503,247.0283,61.4822,0.091079,-1.146641,0.174881,-1.270504,-0.020628,-1.275101,0.382907,-1.431762,-0.183837,-1.423786,0.610844,-1.105896,-0.389121,-1.114281,0.721152,-0.172795,-0.569967,-0.188628,0.627708,0.563779,-0.422452,0.595713,0.347603,-0.00091,-0.347604,0.00091,0.487903,1.117152,-0.500045,1.154256,0.582591,2.262767,-0.435989,2.343643,166.027893,158.293814,177.57271,169.387908
A001,bend_return,bend_return.mp4,22,0.88,1,1,0.9643,0,340.3026,247.375,62.3473,0.094466,-1.037031,0.175934,-1.159831,-0.018771,-1.167333,0.385043,-1.341381,-0.185485,-1.338098,0.611539,-1.050906,-0.388313,-1.068125,0.703823,-0.123777,-0.563921,-0.157778,0.602572,0.610027,-0.418661,0.616608,0.347291,0.001659,-0.347291,-0.001659,0.471586,1.115982,-0.510604,1.148227,0.553694,2.225739,-0.440207,2.30361,166.459534,158.457517,177.866775,168.429852
A001,bend_return,bend_return.mp4,23,0.92,1,1,0.9638,0,340.8824,248.0554,63.8583,0.095627,-0.954837,0.174643,-1.07074,-0.012068,-1.083268,0.380049,-1.254928,-0.173516,-1.262318,0.609265,-1.000256,-0.390621,-1.015306,0.691467,-0.090041,-0.560725,-0.102763,0.587575,0.632221,-0.398094,0.649163,0.346767,0.001083,-0.346767,-0.001083,0.465889,1.093046,-0.510835,1.126901,0.525363,2.180033,-0.440417,2.246247,166.654248,157.236555,176.906233,168.124559
A001,bend_return,bend_return.mp4,24,0.96,1,1,0.9612,0,341.8384,247.136,60.921,0.120517,-0.808843,0.19949,-0.927524,0.005815,-0.939186,0.398283,-1.113212,-0.177623,-1.118932,0.607268,-0.867349,-0.392718,-0.87263,0.717236,0.058799,-0.581549,0.071531,0.571286,0.814336,-0.375046,0.824389,0.348026,-0.001031,-0.348026,0.001031,0.455785,1.126781,-0.528966,1.161405,0.581108,2.272368,-0.487874,2.326811,162.295222,153.351633,179.214657,169.117687
A001,bend_return,bend_return.mp4,25,1.0,1,1,0.9575,0,343.1175,247.5804,62.0073,0.108857,-0.652952,0.176106,-0.776129,-0.014997,-0.782982,0.37988,-1.011222,-0.20353,-0.997243,0.598817,-0.840326,-0.401073,-0.825491,0.679115,0.126511,-0.556451,0.158855,0.560897,0.845274,-0.385538,0.886634,0.347903,-0.005241,-0.347902,0.005241,0.441733,1.118688,-0.550965,1.174242,0.552337,2.236097,-0.468683,2.328974,165.912281,157.813998,179.119733,166.06985
A001,bend_return,bend_return.mp4,26,1.04,1,1,0.9553,0,341.9249,251.6608,62.5574,0.159097,-0.582131,0.226938,-0.702076,0.037388,-0.706899,0.41502,-0.926595,-0.166901,-0.913817,0.609866,-0.772677,-0.390087,-0.762948,0.691271,0.152845,-0.536308,0.182069,0.603873,0.841571,-0.378742,0.907603,0.348617,-0.004731,-0.348617,0.004731,0.464391,1.073274,-0.553491,1.127191,0.565905,2.147382,-0.471358,2.244548,167.741354,158.951696,179.268583,165.452024
A001,bend_return,bend_return.mp4,27,1.08,1,1,0.946,1,342.2224,253.4774,63.3394,0.185485,-0.475921,0.243727,-0.592632,0.067655,-0.595364,0.420524,-0.829633,-0.147354,-0.814974,0.614075,-0.705496,-0.385897,-0.713076,0.680948,0.227183,-0.529101,0.220607,0.566242,0.907216,-0.36016,0.973803,0.347345,-0.001553,-0.347345,0.001553,0.45443,1.054725,-0.537233,1.100783,0.539038,2.082856,-0.451058,2.185807,166.324514,158.63799,178.915558,165.658053
A001,bend_return,bend_return.mp4,28,1.12,1,1,0.9482,1,344.116,256.6614,62.17,0.157001,-0.413455,0.225713,-0.528552,0.038977,-0.535722,0.407504,-0.749964,-0.177831,-0.748171,0.594719,-0.638006,-0.405163,-0.653407,0.671084,0.25214,-0.554081,0.243108,0.556061,0.93816,-0.363431,0.998547,0.347167,0.00048,-0.347167,-0.000479,0.448128,1.020327,-0.551208,1.055831,0.506889,2.078197,-0.495025,2.158589,165.57854,156.404833,177.525749,166.150542
A001,bend_return,bend_return.mp4,29,1.16,1,1,0.9443,1,345.0936,257.7084,63.0132,0.143674,-0.306263,0.221489,-0.422191,0.020755,-0.433694,0.409931,-0.649634,-0.207789,-0.657091,0.579311,-0.582259,-0.42062,-0.594079,0.660817,0.264689,-0.563903,0.272941,0.549037,0.962778,-0.387849,1.016682,0.347444,0.000259,-0.347445,-0.000259,0.436275,0.998191,-0.561956,1.030976,0.488795,2.040173,-0.509548,2.10372,165.405898,157.298435,177.798596,165.452364
A001,bend_return,bend_return.mp4,30,1.2,1,1,0.922,1,345.3637,256.8745,63.7106,0.147122,-0.252776,0.218429,-0.368933,0.024145,-0.373119,0.405318,-0.603079,-0.211493,-0.59199,0.578326,-0.567845,-0.421581,-0.554211,0.655973,0.270089,-0.537024,0.312723,0.537079,0.962898,-0.389245,1.035011,0.348365,-0.004475,-0.348365,0.004474,0.430145,0.988324,-0.556744,1.036423,0.47881,2.005471,-0.498765,2.088767,164.967993,160.851965,178.030194,165.43045
A001,bend_return,bend_return.mp4,31,1.24,1,1,0.9254,1,344.4883,258.3727,64.6515,0.157149,-0.175179,0.237391,-0.286553,0.036283,-0.301744,0.438458,-0.520368,-0.186778,-0.530711,0.608913,-0.501197,-0.391087,-0.499999,0.677973,0.318221,-0.49448,0.357659,0.551475,1.003003,-0.350765,1.065977,0.348896,-0.000149,-0.348896,0.000149,0.445812,0.950599,-0.552358,0.985512,0.473805,1.940161,-0.497587,1.996486,164.716443,161.65653,175.799981,165.232216
A001,bend_return,bend_return.mp4,32,1.28,1,1,0.9065,1,344.1826,257.9935,65.326,0.160544,-0.121675,0.22909,-0.226099,0.049297,-0.238827,0.420457,-0.463614,-0.172343,-0.471416,0.606659,-0.469467,-0.393246,-0.483306,0.67747,0.349401,-0.499275,0.354094,0.552514,1.028267,-0.363317,1.07716,0.34887,0.002744,-0.34887,-0.002744,0.449024,0.941717,-0.536956,0.969321,0.469533,1.910312,-0.487415,1.970873,164.628127,162.134757,175.124681,166.217297
A001,bend_return,bend_return.mp4,33,1.32,1,1,0.9059,1,343.7792,260.1442,66.0926,0.18099,-0.145717,0.247451,-0.254484,0.065822,-0.257455,0.424792,-0.485342,-0.172618,-0.475176,0.597654,-0.480459,-0.402343,-0.478296,0.681389,0.320486,-0.503112,0.340357,0.556415,1.005964,-0.365282,1.064205,0.347527,-0.001496,-0.347527,0.001497,0.442795,0.918611,-0.530811,0.95839,0.463704,1.838788,-0.469297,1.919822,163.699237,162.201994,175.390363,165.495894
A001,bend_return,bend_return.mp4,34,1.36,1,1,0.8976,1,344.5995,261.6855,65.6896,0.168918,-0.138196,0.232356,-0.244441,0.056686,-0.247247,0.410003,-0.478931,-0.180831,-0.469177,0.588058,-0.48527,-0.411938,-0.488069,0.671221,0.308024,-0.525969,0.317555,0.536237,0.984222,-0.391837,1.050004,0.34856,-0.000159,-0.34856,0.00016,0.438584,0.928471,-0.539048,0.96131,0.464444,1.810241,-0.488053,1.886518,162.726316,161.566189,176.142831,165.635143
A001,bend_return,bend_return.mp4,35,1.4,1,1,0.9,1,344.8586,262.0961,65.693,0.158425,-0.13201,0.225427,-0.237928,0.045475,-0.243563,0.408094,-0.473212,-0.190267,-0.4697,0.585103,-0.482382,-0.41482,-0.494789,0.66655,0.302877,-0.537422,0.296034,0.52833,0.965557,-0.415719,1.026886,0.348018,0.001909,-0.348018,-0.001909,0.437797,0.925531,-0.532729,0.950659,0.4616,1.797641,-0.481624,1.86569,162.296839,161.73334,176.011544,165.829362
A001,bend_return,bend_return.mp4,36,1.44,1,1,0.8964,1,345.1267,261.5473,65.5976,0.161325,-0.135545,0.225842,-0.24172,0.04896,-0.244973,0.403339,-0.47485,-0.190462,-0.467117,0.580608,-0.482614,-0.419337,-0.493113,0.663907,0.306385,-0.541401,0.298583,0.529593,0.975844,-0.418416,1.031858,0.348179,0.001296,-0.348179,-0.001295,0.434807,0.926033,-0.538088,0.953743,0.462204,1.807492,-0.48695,1.880906,162.628709,161.714076,176.428504,165.596472
A001,bend_return,bend_return.mp4,37,1.48,1,1,0.9024,1,344.8781,261.7073,65.4232,0.173084,-0.157395,0.237873,-0.265541,0.058919,-0.266826,0.411387,-0.495066,-0.18471,-0.483986,0.582611,-0.490313,-0.417334,-0.500803,0.667101,0.302883,-0.545925,0.290428,0.530008,0.973362,-0.411694,1.015332,0.347826,0.000869,-0.347826,-0.000869,0.436612,0.923589,-0.538455,0.953503,0.469651,1.81988,-0.486409,1.897815,162.363829,160.278314,176.614877,165.549566
A001,bend_return,bend_return.mp4,38,1.52,1,1,0.8958,1,344.4552,260.1882,64.7345,0.197601,-0.175804,0.256657,-0.284488,0.08558,-0.282361,0.421769,-0.512235,-0.162663,-0.494175,0.594362,-0.498278,-0.405614,-0.505154,0.682346,0.31103,-0.529838,0.301105,0.535627,0.976572,-0.397294,1.030207,0.348449,0.000288,-0.348449,-0.000288,0.437904,0.949598,-0.537836,0.982428,0.481806,1.886181,-0.484619,1.972112,161.363445,160.937765,177.300566,166.01394
A001,bend_return,bend_return.mp4,39,1.56,1,1,0.9045,1,344.926,259.3537,64.5063,0.149955,-0.197957,0.217272,-0.305389,0.03568,-0.312619,0.412853,-0.540928,-0.182582,-0.535126,0.604258,-0.521811,-0.39565,-0.535355,0.673361,0.305723,-0.538589,0.290916,0.546252,0.97237,-0.412772,1.012621,0.348458,0.002689,-0.348458,-0.00269,0.440152,0.970864,-0.53921,0.997605,0.485045,1.919471,-0.489955,1.993763,164.431596,160.296194,177.299189,166.372945
A001,bend_return,bend_return.mp4,40,1.6,1,1,0.9172,1,344.6418,259.9571,64.1713,0.164909,-0.216703,0.234096,-0.327458,0.046922,-0.335511,0.428127,-0.56792,-0.176122,-0.563562,0.608961,-0.541871,-0.391028,-0.546564,0.683928,0.279737,-0.539315,0.288243,0.557646,0.951908,-0.411897,1.004888,0.348024,0.000414,-0.348024,-0.000414,0.443611,0.982127,-0.538516,1.015697,0.491201,1.930059,-0.488973,2.003907,164.14628,159.84586,177.312776,166.511896
A001,bend_return,bend_return.mp4,41,1.64,1,1,0.9229,1,345.0057,258.6877,63.8601,0.145224,-0.24886,0.215556,-0.358687,0.028859,-0.370683,0.412134,-0.598675,-0.188918,-0.603573,0.598099,-0.563989,-0.401765,-0.580432,0.663701,0.273437,-0.556978,0.264773,0.538361,0.940194,-0.422671,0.982955,0.348177,0.002328,-0.348177,-0.002328,0.447837,0.996024,-0.534779,1.023633,0.486842,1.978836,-0.497,2.043852,164.87425,159.001701,176.545546,167.571092
A001,bend_return,bend_return.mp4,42,1.68,1,1,0.9285,1,345.2056,257.5314,63.2874,0.15385,-0.273936,0.220682,-0.388482,0.034231,-0.395899,0.405654,-0.630353,-0.196168,-0.628054,0.586491,-0.581627,-0.413369,-0.598364,0.667592,0.275595,-0.581251,0.258096,0.542393,0.952185,-0.445866,0.983184,0.346769,0.001496,-0.34677,-0.001496,0.437346,1.011181,-0.536094,1.042063,0.486638,2.016305,-0.496793,2.090254,164.111763,158.333332,177.681338,167.569902
A001,bend_return,bend_return.mp4,43,1.72,1,1,0.9371,1,344.0691,257.0269,61.6932,0.182638,-0.375722,0.253252,-0.488447,0.067846,-0.49846,0.429881,-0.705871,-0.161366,-0.71265,0.597969,-0.615886,-0.401916,-0.631096,0.691225,0.252504,-0.583028,0.253314,0.580581,0.940409,-0.437621,0.985467,0.346864,0.000676,-0.346865,-0.000676,0.44888,1.021005,-0.538453,1.052355,0.515982,2.085801,-0.496307,2.147189,164.733204,157.193874,177.896246,167.4839
A001,bend_return,bend_return.mp4,44,1.76,1,1,0.9519,0,343.2295,255.4247,61.5282,0.155488,-0.428765,0.233026,-0.540751,0.039246,-0.558579,0.43247,-0.761048,-0.160711,-0.777989,0.618218,-0.646558,-0.381422,-0.673382,0.687245,0.251862,-0.57692,0.236173,0.588476,0.926571,-0.439789,0.974339,0.34657,0.003726,-0.34657,-0.003727,0.456325,1.041458,-0.539618,1.066201,0.528517,2.124734,-0.487823,2.181889,167.278228,157.345505,177.7756,167.114095
A001,bend_return,bend_return.mp4,45,1.8,1,1,0.9491,1,341.5398,253.6245,61.685,0.187288,-0.5133,0.251229,-0.629756,0.068082,-0.637728,0.445679,-0.870908,-0.132904,-0.862951,0.642741,-0.742149,-0.357132,-0.758088,0.728126,0.189084,-0.565882,0.175731,0.634471,0.858253,-0.443338,0.93326,0.346461,0.001474,-0.346461,-0.001474,0.450484,1.090059,-0.536967,1.124726,0.561951,2.137655,-0.470209,2.22723,166.794011,158.210051,179.385151,166.933776
A001,bend_return,bend_return.mp4,46,1.84,1,1,0.9474,1,341.5881,253.7395,61.7199,0.202034,-0.581319,0.262586,-0.698965,0.083821,-0.702449,0.442575,-0.933339,-0.128573,-0.919388,0.632009,-0.790433,-0.367965,-0.797678,0.726497,0.129723,-0.563437,0.127386,0.64122,0.8075,-0.45172,0.890552,0.34712,-0.000734,-0.34712,0.000734,0.445252,1.090293,-0.550134,1.131353,0.563935,2.127259,-0.474487,2.223354,166.965764,159.740375,178.610265,165.857764
A001,bend_return,bend_return.mp4,47,1.88,1,1,0.9545,0,341.7131,250.9141,61.1488,0.190345,-0.667819,0.255886,-0.792315,0.065794,-0.79627,0.442144,-1.024962,-0.145301,-1.009885,0.631111,-0.847719,-0.368887,-0.845965,0.730184,0.108905,-0.565274,0.120263,0.635228,0.815875,-0.457578,0.883877,0.347192,-0.002202,-0.347192,0.002202,0.446988,1.115693,-0.553879,1.161361,0.568207,2.204449,-0.487207,2.299216,166.437454,160.483281,178.74883,166.536677
A001,bend_return,bend_return.mp4,48,1.92,1,1,0.96,0,341.021,249.7324,60.1038,0.204912,-0.819059,0.280636,-0.935464,0.092176,-0.948535,0.470896,-1.126444,-0.096486,-1.133577,0.658804,-0.883966,-0.341167,-0.891488,0.75276,0.039446,-0.578768,0.051482,0.612425,0.803487,-0.444331,0.819296,0.347016,0.000486,-0.347016,-0.000486,0.452699,1.125247,-0.531681,1.159604,0.584431,2.258724,-0.490258,2.315277,163.782461,155.926249,178.73886,168.902679
A001,bend_return,bend_return.mp4,49,1.96,1,1,0.9609,0,340.7559,249.7573,60.5791,0.197359,-0.895,0.275248,-1.012216,0.084543,-1.024328,0.463382,-1.192564,-0.105828,-1.201188,0.649232,-0.923016,-0.350557,-0.943557,0.751286,0.010087,-0.595056,-0.010446,0.61512,0.766184,-0.447026,0.752229,0.346268,0.002647,-0.346268,-0.002647,0.452528,1.129201,-0.522191,1.155227,0.583532,2.241643,-0.48465,2.294693,163.549362,154.332986,178.671899,169.473778
A001,bend_return,bend_return.mp4,50,2.0,1,1,0.9628,0,340.587,251.4327,63.2542,0.16847,-1.030951,0.247801,-1.150425,0.058788,-1.161677,0.436549,-1.328886,-0.124903,-1.337262,0.629681,-1.04473,-0.370162,-1.062441,0.703919,-0.134793,-0.581897,-0.145666,0.624218,0.58091,-0.472996,0.63149,0.345446,0.000558,-0.345446,-0.000558,0.460027,1.09682,-0.509075,1.132431,0.52563,2.155268,-0.443084,2.228315,168.981575,159.018453,177.579897,168.335983
A001,bend_return,bend_return.mp4,51,2.04,1,1,0.9637,0,340.3136,251.9747,62.2454,0.15599,-1.128312,0.239277,-1.249944,0.045788,-1.257681,0.432073,-1.41118,-0.133312,-1.412695,0.629817,-1.092112,-0.370111,-1.104062,0.718172,-0.194045,-0.586386,-0.198916,0.637419,0.512298,-0.489486,0.592873,0.346014,-0.000138,-0.346014,0.000137,0.464384,1.094953,-0.514032,1.129142,0.536591,2.163639,-0.456998,2.239005,167.859117,159.584532,177.696327,168.593674
A001,bend_return,bend_return.mp4,52,2.08,1,1,0.9657,0,340.4034,252.9602,61.5924,0.15979,-1.23477,0.24921,-1.359787,0.047169,-1.36786,0.444314,-1.50816,-0.133864,-1.511765,0.632885,-1.151511,-0.366993,-1.167096,0.729428,-0.247198,-0.601713,-0.260373,0.638316,0.470571,-0.501598,0.540101,0.346261,0.000923,-0.346261,-0.000923,0.467089,1.087152,-0.514611,1.114776,0.547659,2.167276,-0.468621,2.233473,166.671925,158.3577,177.918787,169.065101
A001,bend_return,bend_return.mp4,53,2.12,1,1,0.967,0,340.2442,250.8418,61.2319,0.160557,-1.365374,0.254258,-1.494762,0.04464,-1.494506,0.433516,-1.608154,-0.154089,-1.601327,0.610156,-1.200467,-0.389797,-1.210109,0.736934,-0.287951,-0.621892,-0.30683,0.648724,0.451027,-0.527074,0.488384,0.345886,-0.001019,-0.345886,0.001019,0.476589,1.105121,-0.506108,1.136283,0.54975,2.210123,-0.487696,2.281561,165.283388,158.790107,177.048987,171.045794
A001,bend_return,bend_return.mp4,54,2.16,1,1,0.9683,0,340.301,251.1134,61.1744,0.139975,-1.465276,0.240146,-1.5898,0.030561,-1.596038,0.425888,-1.680663,-0.154047,-1.689114,0.60687,-1.242355,-0.392984,-1.259416,0.735548,-0.345399,-0.639454,-0.366433,0.65896,0.398279,-0.547714,0.426194,0.346822,0.000857,-0.346822,-0.000857,0.479836,1.116017,-0.51033,1.138371,0.551742,2.227462,-0.502848,2.275772,165.956095,157.968007,176.899722,171.455483
A001,bend_return,bend_return.mp4,55,2.2,1,1,0.969,0,340.6033,251.1848,60.7369,0.118108,-1.627209,0.219432,-1.751369,0.01038,-1.753893,0.409407,-1.818544,-0.161011,-1.819705,0.60309,-1.326246,-0.396784,-1.342169,0.729481,-0.43502,-0.658274,-0.461575,0.676097,0.300927,-0.56448,0.330127,0.346754,0.00037,-0.346755,-0.00037,0.485329,1.13142,-0.507189,1.155552,0.549683,2.233858,-0.518271,2.292919,167.779516,156.704928,176.355835,172.656419
A001,bend_return,bend_return.mp4,56,2.24,1,1,0.9703,0,340.8641,251.7159,60.8734,0.112662,-1.711864,0.219096,-1.840805,-0.002713,-1.837647,0.400992,-1.886531,-0.191259,-1.87805,0.582619,-1.363639,-0.41738,-1.364762,0.732791,-0.483756,-0.668899,-0.491852,0.676232,0.256943,-0.58536,0.283719,0.346794,-0.002674,-0.346794,0.002674,0.487899,1.132302,-0.507263,1.161905,0.549073,2.222604,-0.53367,2.285445,165.947892,157.778545,176.124446,173.4652
A001,bend_return,bend_return.mp4,57,2.28,1,1,0.9706,0,341.4106,252.4259,61.0483,0.098058,-1.787052,0.199209,-1.913757,-0.014303,-1.906071,0.375403,-1.950088,-0.196794,-1.931474,0.569553,-1.415891,-0.430267,-1.396896,0.723251,-0.546648,-0.680897,-0.522584,0.667085,0.215535,-0.598078,0.249816,0.346761,-0.006989,-0.346761,0.006989,0.483831,1.12175,-0.515591,1.164581,0.538581,2.2014,-0.54705,2.272857,165.758211,157.884411,175.97922,173.328085
A001,bend_return,bend_return.mp4,58,2.32,1,1,0.9705,0,341.8444,252.5524,61.3123,0.095437,-1.854014,0.199072,-1.975983,-0.013552,-1.972037,0.369119,-1.990322,-0.198634,-1.982019,0.558796,-1.437515,-0.441071,-1.421213,0.716659,-0.568089,-0.686721,-0.538634,0.658839,0.194368,-0.608664,0.226323,0.346951,-0.006615,-0.346951,0.006615,0.484834,1.129851,-0.510751,1.168735,0.531153,2.205205,-0.550292,2.259634,165.372147,158.620024,175.548689,174.052844
A001,bend_return,bend_return.mp4,59,2.36,1,1,0.9702,0,342.0551,252.3893,61.352,0.084649,-1.907236,0.184927,-2.027782,-0.023697,-2.019034,0.354262,-2.032583,-0.201205,-2.013234,0.558096,-1.461906,-0.441682,-1.440866,0.714305,-0.606542,-0.690188,-0.582915,0.671167,0.170441,-0.620288,0.19111,0.347164,-0.007466,-0.347165,0.007466,0.48936,1.138738,-0.516595,1.183295,0.530987,2.190166,-0.5656,2.260668,166.472712,158.68609,175.195311,174.40476
A001,bend_return,bend_return.mp4,60,2.4,1,1,0.9704,0,342.6016,251.7059,60.4089,0.075759,-2.042547,0.17942,-2.159429,-0.032183,-2.154705,0.344451,-2.138355,-0.214405,-2.128969,0.542311,-1.530439,-0.457512,-1.51163,0.710853,-0.662309,-0.707687,-0.633561,0.68587,0.151073,-0.647529,0.156247,0.347508,-0.007274,-0.347508,0.007274,0.491771,1.173126,-0.515519,1.214374,0.537574,2.24343,-0.577957,2.296958,167.253718,159.741361,175.48256,175.377039
A001,bend_return,bend_return.mp4,61,2.44,1,1,0.9712,0,342.1504,251.575,60.4187,0.071055,-2.093591,0.17124,-2.20905,-0.038402,-2.197949,0.335916,-2.17619,-0.213581,-2.150205,0.546604,-1.552518,-0.452911,-1.521358,0.716487,-0.689911,-0.710156,-0.65237,0.699251,0.114318,-0.65687,0.125448,0.346722,-0.009683,-0.346722,0.009683,0.496556,1.173731,-0.512056,1.224003,0.547643,2.235448,-0.576179,2.309579,167.630863,159.590681,175.5388,175.626907
A001,bend_return,bend_return.mp4,62,2.48,1,1,0.9713,0,342.7168,251.3663,60.2338,0.059582,-2.135877,0.162562,-2.247571,-0.047155,-2.24225,0.325338,-2.202256,-0.222731,-2.190163,0.533934,-1.570098,-0.465774,-1.545949,0.711839,-0.71252,-0.718189,-0.67459,0.700008,0.081002,-0.669923,0.090711,0.347341,-0.007976,-0.347341,0.007977,0.495559,1.178706,-0.51775,1.220224,0.543911,2.252696,-0.587231,2.304501,167.425978,160.235994,175.458301,175.664646
A001,bend_return,bend_return.mp4,63,2.52,1,1,0.9713,0,343.2987,251.4178,60.0819,0.047681,-2.172508,0.149814,-2.28403,-0.06005,-2.276455,0.314447,-2.23257,-0.229918,-2.2137,0.530713,-1.59005,-0.468816,-1.559371,0.702308,-0.739006,-0.731961,-0.689701,0.695782,0.035545,-0.693665,0.077085,0.346988,-0.009115,-0.346988,0.009115,0.490197,1.176259,-0.525188,1.220488,0.538909,2.252817,-0.597205,2.314005,168.117558,160.306103,175.701987,175.399508
A001,bend_return,bend_return.mp4,64,2.56,1,1,0.9712,0,343.5583,250.8257,59.9243,0.054913,-2.19162,0.153178,-2.302923,-0.054558,-2.295167,0.306017,-2.248611,-0.236884,-2.230587,0.518599,-1.597637,-0.481037,-1.570666,0.692535,-0.74043,-0.741222,-0.696933,0.699167,0.031468,-0.718076,0.076156,0.346953,-0.009052,-0.346953,0.009052,0.492376,1.191001,-0.52378,1.235553,0.533488,2.26794,-0.604116,2.332701,169.022121,161.702324,175.276729,175.983996
A001,bend_return,bend_return.mp4,65,2.6,1,1,0.9713,0,343.5953,251.8336,60.1941,0.066776,-2.229606,0.162812,-2.339111,-0.046865,-2.33132,0.301585,-2.274666,-0.244148,-2.256853,0.504463,-1.61614,-0.495118,-1.587197,0.689273,-0.768528,-0.744618,-0.720046,0.712701,-0.003869,-0.723184,0.040612,0.346404,-0.009771,-0.346404,0.009771,0.486634,1.183269,-0.529014,1.22819,0.530237,2.246978,-0.601224,2.311073,169.454858,162.334208,175.64351,175.291268
A001,bend_return,bend_return.mp4,66,2.64,1,1,0.9716,0,343.1669,251.5963,60.0394,0.068455,-2.245107,0.165461,-2.355297,-0.045379,-2.34724,0.307022,-2.290442,-0.239664,-2.27137,0.509871,-1.626812,-0.489746,-1.599131,0.69061,-0.776459,-0.744348,-0.733414,0.724007,-0.022513,-0.732522,0.013903,0.346164,-0.009696,-0.346164,0.009696,0.489205,1.184282,-0.524135,1.230636,0.538772,2.257752,-0.589479,2.326717,170.536932,162.70504,175.812029,175.118376
A001,bend_return,bend_return.mp4,67,2.68,1,1,0.9726,0,343.571,250.7452,59.8755,0.058584,-2.262033,0.160193,-2.369021,-0.052841,-2.368736,0.30317,-2.295203,-0.247714,-2.293759,0.500433,-1.622873,-0.499374,-1.60322,0.688141,-0.775562,-0.756697,-0.728939,0.727884,-0.024356,-0.752457,0.01786,0.346146,-0.007625,-0.346146,0.007625,0.481304,1.203023,-0.528426,1.239002,0.529341,2.294913,-0.594347,2.337337,170.53716,163.274196,176.148928,175.014298
A001,bend_return,bend_return.mp4,68,2.72,1,1,0.9724,0,343.4693,250.1971,59.6462,0.059726,-2.270217,0.159533,-2.376925,-0.052723,-2.376283,0.298506,-2.300607,-0.251405,-2.298216,0.495369,-1.625576,-0.504422,-1.605135,0.681934,-0.771115,-0.762196,-0.721624,0.731658,-0.020208,-0.759806,0.025897,0.345948,-0.008427,-0.345948,0.008427,0.485148,1.206772,-0.523424,1.246044,0.527452,2.310773,-0.595877,2.358286,171.471657,163.551702,175.65986,175.566458
A001,bend_return,bend_return.mp4,69,2.76,1,1,0.972,0,343.839,249.7355,58.7048,0.061094,-2.309511,0.163846,-2.415663,-0.053883,-2.419653,0.299322,-2.332397,-0.263024,-2.340528,0.4831,-1.645945,-0.516794,-1.631393,0.662616,-0.778244,-0.7763,-0.731235,0.742492,-0.009199,-0.797821,0.029016,0.346475,-0.007824,-0.346475,0.007824,0.485052,1.233481,-0.530952,1.271409,0.523029,2.358509,-0.614082,2.398786,174.240779,165.539744,175.563454,175.910883
A001,bend_return,bend_return.mp4,70,2.8,1,1,0.9727,0,343.5288,249.7495,58.5658,0.066563,-2.325485,0.171256,-2.429334,-0.046203,-2.436267,0.310293,-2.339581,-0.249374,-2.353321,0.492277,-1.644319,-0.50769,-1.636141,0.660497,-0.771502,-0.775267,-0.729911,0.753153,-0.022842,-0.805831,0.025715,0.346927,-0.006608,-0.346927,0.006608,0.490683,1.238435,-0.533319,1.272976,0.534661,2.370169,-0.613883,2.407273,176.146285,165.866279,175.638971,175.689474
A001,bend_return,bend_return.mp4,71,2.84,1,1,0.9723,0,344.2923,249.6599,57.9807,0.060556,-2.355529,0.164513,-2.457749,-0.053657,-2.466212,0.298985,-2.361319,-0.261562,-2.377879,0.478785,-1.660618,-0.521182,-1.652504,0.639956,-0.792086,-0.785918,-0.748599,0.766589,-0.046601,-0.832566,-0.009574,0.347671,-0.007044,-0.347672,0.007045,0.492918,1.248254,-0.546708,1.286311,0.530477,2.39524,-0.63893,2.434798,179.127772,167.287505,175.275237,175.747339
A001,bend_return,bend_return.mp4,72,2.88,1,1,0.9716,0,344.2197,249.9988,58.1002,0.064131,-2.355464,0.166735,-2.458208,-0.050593,-2.466282,0.298039,-2.36365,-0.261889,-2.380069,0.477073,-1.662151,-0.522917,-1.657617,0.640662,-0.794237,-0.787355,-0.757344,0.770195,-0.063344,-0.836756,-0.0197,0.347618,-0.006513,-0.347618,0.006512,0.494545,1.243781,-0.54549,1.279873,0.53151,2.383229,-0.638195,2.424469,179.375677,167.462345,175.155882,175.79779
A001,bend_return,bend_return.mp4,73,2.92,1,1,0.9718,0,344.3673,249.9373,58.0256,0.063864,-2.360873,0.166432,-2.462945,-0.049621,-2.472605,0.297469,-2.367313,-0.26072,-2.387698,0.477113,-1.662217,-0.522887,-1.662132,0.647445,-0.787828,-0.786391,-0.755394,0.789335,-0.053421,-0.839038,-0.013872,0.347802,-0.005505,-0.347802,0.005505,0.494513,1.248807,-0.549549,1.282013,0.532488,2.390859,-0.646156,2.427086,179.916071,167.85686,175.233175,175.841453
A001,bend_return,bend_return.mp4,74,2.96,1,1,0.9718,0,344.6686,250.1577,58.3238,0.065966,-2.358252,0.168332,-2.457633,-0.044525,-2.469838,0.297764,-2.359426,-0.253378,-2.386027,0.476746,-1.655512,-0.523238,-1.661174,0.64557,-0.777333,-0.789164,-0.756216,0.79161,-0.028293,-0.838752,-0.020648,0.347323,-0.004346,-0.347323,0.004346,0.490128,1.243098,-0.548493,1.273587,0.522663,2.378306,-0.64258,2.405655,179.849342,167.481049,175.110997,175.744715
A001,bend_return,bend_return.mp4,75,3.0,1,1,0.9717,0,344.8275,250.1461,58.1464,0.069837,-2.373832,0.171199,-2.471089,-0.039792,-2.484606,0.298194,-2.367565,-0.248516,-2.396521,0.477381,-1.658871,-0.522592,-1.666241,0.647042,-0.780942,-0.790306,-0.75904,0.796159,-0.035387,-0.844326,-0.020676,0.347605,-0.003827,-0.347605,0.003827,0.492267,1.246125,-0.552653,1.274191,0.528186,2.385715,-0.647667,2.409135,179.626747,167.743172,175.203636,175.616573
A001,bend_return,bend_return.mp4,76,3.04,1,1,0.9723,0,344.6849,250.1057,58.0773,0.078421,-2.386761,0.180528,-2.480263,-0.029575,-2.496915,0.308078,-2.367659,-0.235603,-2.40238,0.486069,-1.650933,-0.513769,-1.668911,0.650967,-0.768916,-0.783253,-0.768829,0.807213,-0.019579,-0.842348,-0.032205,0.347697,-0.001431,-0.347697,0.001431,0.492515,1.251149,-0.555529,1.273267,0.535934,2.395445,-0.644553,2.411836,178.811391,167.919035,175.57787,175.190095
A001,bend_return,bend_return.mp4,77,3.08,1,1,0.9724,0,344.8828,249.9233,57.7369,0.085649,-2.404157,0.187317,-2.496316,-0.022958,-2.513765,0.312677,-2.379369,-0.23072,-2.415092,0.488734,-1.658697,-0.511118,-1.675936,0.654255,-0.781198,-0.779883,-0.772098,0.82208,-0.040402,-0.843612,-0.027642,0.347808,-0.001382,-0.347808,0.001382,0.49162,1.262048,-0.559779,1.283403,0.533426,2.412816,-0.653761,2.429275,177.917283,168.332385,175.586782,175.300429
A001,bend_return,bend_return.mp4,78,3.12,1,1,0.9723,0,345.2946,249.8732,57.6023,0.079308,-2.40792,0.180337,-2.501529,-0.03021,-2.517752,0.305609,-2.386246,-0.238692,-2.419502,0.484262,-1.663663,-0.515595,-1.680553,0.648217,-0.775788,-0.782361,-0.771259,0.817812,-0.025105,-0.842583,-0.023479,0.348272,-0.001612,-0.348272,0.001612,0.491121,1.261564,-0.56474,1.284893,0.531695,2.411195,-0.664542,2.432316,177.731947,168.253868,175.569374,175.396273
A001,bend_return,bend_return.mp4,79,3.16,1,1,0.9728,0,345.361,249.768,57.5868,0.077838,-2.409108,0.181121,-2.502268,-0.030623,-2.519783,0.31116,-2.384609,-0.23401,-2.419991,0.48857,-1.661859,-0.51132,-1.676641,0.648224,-0.771444,-0.784418,-0.756792,0.817227,-0.022509,-0.838824,-0.012,0.348254,-0.002034,-0.348255,0.002034,0.491433,1.260834,-0.56355,1.284775,0.530867,2.416352,-0.666456,2.433985,177.449018,167.642155,175.486291,175.589312
A001,bend_return,bend_return.mp4,80,3.2,1,1,0.9731,0,345.6364,249.8444,57.7093,0.078252,-2.409311,0.179167,-2.501364,-0.031571,-2.517135,0.306652,-2.380726,-0.235512,-2.411315,0.489941,-1.653251,-0.509892,-1.671517,0.650701,-0.758703,-0.776984,-0.764047,0.809691,-0.00033,-0.821867,-0.015959,0.348068,-0.000708,-0.348068,0.000708,0.484428,1.257873,-0.57148,1.278705,0.530643,2.41023,-0.667088,2.43103,178.347792,167.032832,176.112943,174.826949
A001,bend_return,bend_return.mp4,81,3.24,1,1,0.9731,0,345.8967,249.5475,57.6334,0.075832,-2.409106,0.176487,-2.501357,-0.034506,-2.517014,0.30397,-2.380447,-0.239213,-2.410684,0.48803,-1.651793,-0.511796,-1.670485,0.646275,-0.755714,-0.779343,-0.762383,0.801174,0.005446,-0.818726,-0.011561,0.348255,-0.000649,-0.348255,0.000649,0.483825,1.261123,-0.573162,1.281898,0.527002,2.418807,-0.674752,2.440124,178.5122,166.586493,176.003353,175.056642
A001,bend_return,bend_return.mp4,82,3.28,1,1,0.9733,0,346.3007,249.689,57.5644,0.069582,-2.414123,0.171971,-2.506378,-0.041213,-2.522574,0.301874,-2.383893,-0.24497,-2.414689,0.484907,-1.657654,-0.515024,-1.669403,0.640891,-0.766687,-0.776006,-0.754763,0.79171,-0.005117,-0.808491,-0.005733,0.349084,-0.00185,-0.349085,0.00185,0.483567,1.26137,-0.581511,1.284435,0.528125,2.421249,-0.68581,2.439899,178.72866,166.557772,176.123234,174.886414
A001,bend_return,bend_return.mp4,83,3.32,1,1,0.9734,0,346.6942,249.8361,57.5175,0.063745,-2.417415,0.165498,-2.509029,-0.046881,-2.52525,0.2949,-2.385505,-0.250363,-2.416142,0.480264,-1.659818,-0.519686,-1.669857,0.640071,-0.771875,-0.780983,-0.755975,0.785456,-0.001882,-0.80584,-0.001033,0.349139,-0.001929,-0.349139,0.001929,0.477641,1.264383,-0.588426,1.286517,0.52437,2.426692,-0.693595,2.442103,179.510211,165.929521,176.507834,174.648184
A001,bend_return,bend_return.mp4,84,3.36,1,1,0.9733,0,346.8931,249.6218,57.3015,0.058108,-2.420893,0.16205,-2.512803,-0.052329,-2.530256,0.294014,-2.389298,-0.2555,-2.423316,0.477945,-1.66441,-0.521984,-1.676323,0.639511,-0.776693,-0.781193,-0.760235,0.778923,0.001683,-0.810903,0.012893,0.349225,-0.001317,-0.349225,0.001317,0.479897,1.268258,-0.586099,1.286548,0.524841,2.433573,-0.69406,2.442163,179.839287,166.401704,176.332163,174.894505
