frame_id,time_sec,keypoint_id,keypoint_name,pixel_x,pixel_y,confidence
1,0.0,0,nose,441.72,186.56,0.932
1,0.0,1,left_eye,445.08,183.05,0.5348
1,0.0,2,right_eye,441.23,179.58,0.9102
1,0.0,3,left_ear,439.46,176.29,0.1732
1,0.0,4,right_ear,427.6,172.38,0.8357
1,0.0,5,left_shoulder,416.19,185.71,0.963
1,0.0,6,right_shoulder,408.36,186.29,0.9975
1,0.0,7,left_elbow,397.15,221.99,0.7999
1,0.0,8,right_elbow,397.4,234.95,0.9947
1,0.0,9,left_wrist,407.92,271.88,0.7509
1,0.0,10,right_wrist,402.8,273.06,0.9747
1,0.0,11,left_hip,333.87,206.66,0.9904
1,0.0,12,right_hip,325.92,198.64,0.9976
1,0.0,13,left_knee,273.73,241.53,0.9625
1,0.0,14,right_knee,259.48,237.07,0.9886
1,0.0,15,left_ankle,218.45,239.99,0.8989
1,0.0,16,right_ankle,204.1,233.65,0.9479
2,0.033,0,nose,441.81,186.55,0.9314
2,0.033,1,left_eye,445.15,183.02,0.5305
2,0.033,2,right_eye,441.31,179.58,0.9094
2,0.033,3,left_ear,439.4,176.24,0.171
2,0.033,4,right_ear,427.58,172.42,0.8349
2,0.033,5,left_shoulder,416.05,185.77,0.9628
2,0.033,6,right_shoulder,408.25,186.35,0.9975
2,0.033,7,left_elbow,397.04,222.28,0.8006
2,0.033,8,right_elbow,397.36,235.07,0.9947
2,0.033,9,left_wrist,407.71,272.09,0.7523
2,0.033,10,right_wrist,402.76,273.16,0.9748
2,0.033,11,left_hip,333.49,206.87,0.9903
2,0.033,12,right_hip,325.55,198.83,0.9976
2,0.033,13,left_knee,273.22,241.74,0.9618
2,0.033,14,right_knee,259.04,237.28,0.9883
2,0.033,15,left_ankle,218.43,240.05,0.8966
2,0.033,16,right_ankle,204.13,233.81,0.9465
3,0.067,0,nose,442.27,187.29,0.9287
3,0.067,1,left_eye,445.44,183.68,0.5108
3,0.067,2,right_eye,441.77,180.26,0.9078
3,0.067,3,left_ear,439.23,176.35,0.1557
3,0.067,4,right_ear,427.58,172.59,0.8348
3,0.067,5,left_shoulder,415.79,185.49,0.961
3,0.067,6,right_shoulder,408.11,185.95,0.9974
3,0.067,7,left_elbow,396.82,222.24,0.7956
3,0.067,8,right_elbow,397.25,234.61,0.9946
3,0.067,9,left_wrist,407.81,271.99,0.7478
3,0.067,10,right_wrist,402.61,272.91,0.9746
3,0.067,11,left_hip,333.42,207.07,0.99
3,0.067,12,right_hip,325.49,198.99,0.9975
3,0.067,13,left_knee,272.81,241.94,0.9611
3,0.067,14,right_knee,258.41,237.43,0.9881
3,0.067,15,left_ankle,218.38,239.95,0.8949
3,0.067,16,right_ankle,203.64,233.87,0.9454
4,0.1,0,nose,440.55,186.17,0.9467
4,0.1,1,left_eye,444.72,182.79,0.6168
4,0.1,2,right_eye,440.02,178.82,0.925
4,0.1,3,left_ear,440.49,176.77,0.2008
4,0.1,4,right_ear,426.49,171.69,0.8259
4,0.1,5,left_shoulder,415.72,186.9,0.9636
4,0.1,6,right_shoulder,407.65,186.47,0.9974
4,0.1,7,left_elbow,396.77,222.93,0.8048
4,0.1,8,right_elbow,396.97,235.17,0.9943
4,0.1,9,left_wrist,407.62,272.55,0.7636
4,0.1,10,right_wrist,402.95,273.45,0.9744
4,0.1,11,left_hip,333.03,207.24,0.9892
4,0.1,12,right_hip,324.86,198.71,0.9972
4,0.1,13,left_knee,272.1,242.36,0.9587
4,0.1,14,right_knee,257.94,236.8,0.9869
4,0.1,15,left_ankle,218.36,241.06,0.8898
4,0.1,16,right_ankle,203.63,232.61,0.9419
5,0.133,0,nose,441.85,187.94,0.9246
5,0.133,1,left_eye,445.04,184.38,0.5014
5,0.133,2,right_eye,441.48,180.85,0.9016
5,0.133,3,left_ear,439.09,176.99,0.1548
5,0.133,4,right_ear,427.62,173.01,0.8234
5,0.133,5,left_shoulder,415.63,185.94,0.958
5,0.133,6,right_shoulder,407.96,186.33,0.9973
5,0.133,7,left_elbow,396.57,222.33,0.7883
5,0.133,8,right_elbow,396.53,234.75,0.9945
5,0.133,9,left_wrist,407.6,272.37,0.7432
5,0.133,10,right_wrist,402.53,273.05,0.9744
5,0.133,11,left_hip,333.47,207.41,0.9894
5,0.133,12,right_hip,325.51,199.31,0.9974
5,0.133,13,left_knee,272.78,242.42,0.9589
5,0.133,14,right_knee,258.34,237.77,0.9876
5,0.133,15,left_ankle,218.47,240.22,0.8899
5,0.133,16,right_ankle,203.58,233.68,0.9433
6,0.167,0,nose,441.89,189.59,0.9005
6,0.167,1,left_eye,444.37,185.9,0.4213
6,0.167,2,right_eye,441.8,182.61,0.8748
6,0.167,3,left_ear,437.47,177.27,0.1392
6,0.167,4,right_ear,428.42,174.03,0.8165
6,0.167,5,left_shoulder,415.25,185.02,0.9526
6,0.167,6,right_shoulder,408.25,186.53,0.9971
6,0.167,7,left_elbow,396.1,221.57,0.7683
6,0.167,8,right_elbow,396.46,235.35,0.9944
6,0.167,9,left_wrist,407.79,271.84,0.7169
6,0.167,10,right_wrist,402.7,272.88,0.9729
6,0.167,11,left_hip,333.61,206.96,0.9888
6,0.167,12,right_hip,326.11,199.39,0.9974
6,0.167,13,left_knee,273.31,241.4,0.9566
6,0.167,14,right_knee,258.66,237.71,0.9874
6,0.167,15,left_ankle,218.36,238.93,0.8861
6,0.167,16,right_ankle,203.78,233.6,0.9426
7,0.2,0,nose,441.8,190.13,0.8916
7,0.2,1,left_eye,444.02,186.4,0.3982
7,0.2,2,right_eye,441.8,183.24,0.8639
7,0.2,3,left_ear,436.9,177.3,0.1377
7,0.2,4,right_ear,428.74,174.45,0.8125
7,0.2,5,left_shoulder,415.14,184.55,0.9517
7,0.2,6,right_shoulder,408.47,186.57,0.9971
7,0.2,7,left_elbow,396.02,221.17,0.7659
7,0.2,8,right_elbow,396.48,235.61,0.9945
7,0.2,9,left_wrist,407.96,271.67,0.712
7,0.2,10,right_wrist,402.45,272.8,0.9726
7,0.2,11,left_hip,332.99,206.69,0.9889
7,0.2,12,right_hip,325.71,199.3,0.9974
7,0.2,13,left_knee,273.01,241.1,0.956
7,0.2,14,right_knee,258.24,237.82,0.9874
7,0.2,15,left_ankle,217.9,238.4,0.8845
7,0.2,16,right_ankle,203.15,233.66,0.9422
8,0.233,0,nose,441.8,190.11,0.8936
8,0.233,1,left_eye,444.08,186.4,0.4033
8,0.233,2,right_eye,441.8,183.2,0.8658
8,0.233,3,left_ear,437.06,177.36,0.1384
8,0.233,4,right_ear,428.75,174.4,0.8123
8,0.233,5,left_shoulder,415.22,184.63,0.9522
8,0.233,6,right_shoulder,408.5,186.5,0.9971
8,0.233,7,left_elbow,396.09,221.26,0.7687
8,0.233,8,right_elbow,396.51,235.48,0.9946
8,0.233,9,left_wrist,407.89,271.79,0.7162
8,0.233,10,right_wrist,402.39,272.77,0.9731
8,0.233,11,left_hip,333.07,206.71,0.9891
8,0.233,12,right_hip,325.75,199.25,0.9974
8,0.233,13,left_knee,273.08,241.06,0.957
8,0.233,14,right_knee,258.28,237.65,0.9876
8,0.233,15,left_ankle,218.02,238.46,0.8868
8,0.233,16,right_ankle,203.23,233.53,0.9434
9,0.267,0,nose,442.31,189.82,0.8937
9,0.267,1,left_eye,444.63,186.06,0.4027
9,0.267,2,right_eye,442.18,182.94,0.8678
9,0.267,3,left_ear,437.5,177.16,0.1363
9,0.267,4,right_ear,428.81,174.36,0.8151
9,0.267,5,left_shoulder,415.6,184.58,0.9514
9,0.267,6,right_shoulder,408.63,186.62,0.9971
9,0.267,7,left_elbow,396.3,220.97,0.7644
9,0.267,8,right_elbow,396.48,235.39,0.9945
9,0.267,9,left_wrist,407.86,271.66,0.711
9,0.267,10,right_wrist,402.33,272.99,0.9727
9,0.267,11,left_hip,333.67,206.91,0.9889
9,0.267,12,right_hip,326.14,199.54,0.9974
9,0.267,13,left_knee,273.6,241.09,0.9567
9,0.267,14,right_knee,258.48,237.82,0.9876
9,0.267,15,left_ankle,218.42,238.58,0.887
9,0.267,16,right_ankle,203.08,233.93,0.9435
10,0.3,0,nose,441.27,190.93,0.8873
10,0.3,1,left_eye,443.5,187.19,0.4007
10,0.3,2,right_eye,441.33,184.0,0.8567
10,0.3,3,left_ear,437.05,177.66,0.1452
10,0.3,4,right_ear,429.02,174.82,0.8003
10,0.3,5,left_shoulder,415.67,184.32,0.9482
10,0.3,6,right_shoulder,409.12,186.79,0.997
10,0.3,7,left_elbow,395.95,220.58,0.7536
10,0.3,8,right_elbow,396.54,236.0,0.9944
10,0.3,9,left_wrist,407.85,271.96,0.7005
10,0.3,10,right_wrist,402.67,273.48,0.972
10,0.3,11,left_hip,333.95,206.13,0.9886
10,0.3,12,right_hip,326.72,198.96,0.9974
10,0.3,13,left_knee,274.81,241.2,0.9564
10,0.3,14,right_knee,259.79,238.22,0.9878
10,0.3,15,left_ankle,218.84,238.75,0.8881
10,0.3,16,right_ankle,203.62,233.99,0.9453
11,0.333,0,nose,441.27,193.04,0.8909
11,0.333,1,left_eye,443.6,189.52,0.4118
11,0.333,2,right_eye,441.48,186.09,0.8585
11,0.333,3,left_ear,437.7,179.92,0.1456
11,0.333,4,right_ear,429.53,176.41,0.7955
11,0.333,5,left_shoulder,416.66,185.83,0.9494
11,0.333,6,right_shoulder,409.55,187.06,0.9971
11,0.333,7,left_elbow,396.53,221.62,0.7639
11,0.333,8,right_elbow,396.73,235.14,0.9946
11,0.333,9,left_wrist,408.86,271.94,0.7146
11,0.333,10,right_wrist,402.43,272.75,0.9736
11,0.333,11,left_hip,335.32,206.47,0.9893
11,0.333,12,right_hip,327.76,198.8,0.9975
11,0.333,13,left_knee,275.55,241.68,0.9588
11,0.333,14,right_knee,260.57,237.98,0.9884
11,0.333,15,left_ankle,218.64,238.91,0.8927
11,0.333,16,right_ankle,204.24,233.49,0.9477
12,0.367,0,nose,444.04,193.44,0.8843
12,0.367,1,left_eye,446.29,189.74,0.408
12,0.367,2,right_eye,444.32,186.9,0.8618
12,0.367,3,left_ear,438.36,180.31,0.182
12,0.367,4,right_ear,431.28,178.37,0.8353
12,0.367,5,left_shoulder,416.41,186.78,0.9538
12,0.367,6,right_shoulder,409.59,190.8,0.9976
12,0.367,7,left_elbow,397.77,220.5,0.7306
12,0.367,8,right_elbow,397.29,237.08,0.9943
12,0.367,9,left_wrist,409.79,267.41,0.6329
12,0.367,10,right_wrist,405.91,273.94,0.9638
12,0.367,11,left_hip,334.71,210.82,0.9871
12,0.367,12,right_hip,327.93,204.36,0.9972
12,0.367,13,left_knee,268.69,239.1,0.958
12,0.367,14,right_knee,257.13,236.46,0.9887
12,0.367,15,left_ankle,218.73,241.32,0.8929
12,0.367,16,right_ankle,212.2,237.02,0.9496
13,0.4,0,nose,446.78,199.84,0.8226
13,0.4,1,left_eye,448.22,196.31,0.2904
13,0.4,2,right_eye,447.68,193.52,0.8054
13,0.4,3,left_ear,438.77,185.29,0.1476
13,0.4,4,right_ear,435.07,183.6,0.8249
13,0.4,5,left_shoulder,418.02,188.96,0.9412
13,0.4,6,right_shoulder,411.65,192.96,0.9973
13,0.4,7,left_elbow,397.02,220.25,0.6863
13,0.4,8,right_elbow,396.72,236.3,0.9943
13,0.4,9,left_wrist,409.91,265.41,0.574
13,0.4,10,right_wrist,402.38,273.5,0.9604
13,0.4,11,left_hip,336.25,212.35,0.9872
13,0.4,12,right_hip,329.6,205.91,0.9974
13,0.4,13,left_knee,270.38,240.92,0.9588
13,0.4,14,right_knee,256.91,238.59,0.9898
13,0.4,15,left_ankle,217.78,241.07,0.8991
13,0.4,16,right_ankle,210.45,237.96,0.955
14,0.433,0,nose,446.78,199.09,0.799
14,0.433,1,left_eye,448.12,195.61,0.2626
14,0.433,2,right_eye,447.73,192.91,0.7796
14,0.433,3,left_ear,438.71,184.88,0.148
14,0.433,4,right_ear,435.62,183.39,0.8202
14,0.433,5,left_shoulder,418.72,188.64,0.9401
14,0.433,6,right_shoulder,412.12,192.77,0.9974
14,0.433,7,left_elbow,397.23,219.79,0.6829
14,0.433,8,right_elbow,396.34,236.07,0.9945
14,0.433,9,left_wrist,410.22,264.92,0.5659
14,0.433,10,right_wrist,402.25,273.25,0.9609
14,0.433,11,left_hip,337.18,212.41,0.9876
14,0.433,12,right_hip,330.38,206.04,0.9976
14,0.433,13,left_knee,270.92,240.74,0.959
14,0.433,14,right_knee,257.07,238.66,0.9901
14,0.433,15,left_ankle,217.33,240.69,0.8989
14,0.433,16,right_ankle,209.63,238.09,0.9558
15,0.467,0,nose,447.33,203.91,0.8187
15,0.467,1,left_eye,449.14,201.09,0.298
15,0.467,2,right_eye,448.7,197.56,0.7977
15,0.467,3,left_ear,440.7,191.37,0.1571
15,0.467,4,right_ear,437.09,187.68,0.8195
15,0.467,5,left_shoulder,420.24,194.79,0.9414
15,0.467,6,right_shoulder,413.49,195.28,0.9974
15,0.467,7,left_elbow,397.04,223.77,0.6832
15,0.467,8,right_elbow,395.87,234.56,0.9947
15,0.467,9,left_wrist,409.06,267.37,0.5679
15,0.467,10,right_wrist,400.61,271.62,0.9626
15,0.467,11,left_hip,339.07,213.72,0.9887
15,0.467,12,right_hip,332.08,205.72,0.9978
15,0.467,13,left_knee,271.48,242.99,0.9643
15,0.467,14,right_knee,257.54,238.45,0.9916
15,0.467,15,left_ankle,215.02,242.82,0.9136
15,0.467,16,right_ankle,207.43,237.25,0.9632
16,0.5,0,nose,447.49,210.88,0.8061
16,0.5,1,left_eye,448.77,207.88,0.2872
16,0.5,2,right_eye,449.12,204.59,0.7848
16,0.5,3,left_ear,439.83,196.35,0.1738
16,0.5,4,right_ear,438.03,193.43,0.826
16,0.5,5,left_shoulder,420.07,198.91,0.9456
16,0.5,6,right_shoulder,413.04,199.57,0.9975
16,0.5,7,left_elbow,394.82,227.39,0.6849
16,0.5,8,right_elbow,395.23,237.3,0.9944
16,0.5,9,left_wrist,407.95,268.68,0.5531
16,0.5,10,right_wrist,401.48,272.98,0.9584
16,0.5,11,left_hip,335.78,216.52,0.9882
16,0.5,12,right_hip,328.47,208.68,0.9976
16,0.5,13,left_knee,269.88,245.29,0.9604
16,0.5,14,right_knee,254.94,241.64,0.9904
16,0.5,15,left_ankle,213.29,241.96,0.903
16,0.5,16,right_ankle,206.17,238.85,0.9578
17,0.533,0,nose,446.42,212.43,0.8181
17,0.533,1,left_eye,448.48,209.23,0.3184
17,0.533,2,right_eye,447.04,206.31,0.7953
17,0.533,3,left_ear,441.74,198.53,0.1844
17,0.533,4,right_ear,435.5,196.23,0.8133
17,0.533,5,left_shoulder,422.97,201.62,0.9442
17,0.533,6,right_shoulder,413.55,202.76,0.9976
17,0.533,7,left_elbow,398.0,229.37,0.6757
17,0.533,8,right_elbow,396.25,240.12,0.9946
17,0.533,9,left_wrist,408.62,267.56,0.5488
17,0.533,10,right_wrist,401.69,272.57,0.9601
17,0.533,11,left_hip,338.47,217.21,0.9899
17,0.533,12,right_hip,329.69,209.25,0.9981
17,0.533,13,left_knee,269.95,247.58,0.9691
17,0.533,14,right_knee,254.92,243.97,0.9928
17,0.533,15,left_ankle,211.74,241.49,0.927
17,0.533,16,right_ankle,203.1,239.17,0.9698
18,0.567,0,nose,445.44,216.78,0.8371
18,0.567,1,left_eye,447.54,213.5,0.3728
18,0.567,2,right_eye,446.04,210.72,0.8038
18,0.567,3,left_ear,441.8,202.26,0.2263
18,0.567,4,right_ear,434.98,200.39,0.7989
18,0.567,5,left_shoulder,424.13,205.28,0.9493
18,0.567,6,right_shoulder,412.29,206.93,0.9976
18,0.567,7,left_elbow,398.87,232.02,0.6974
18,0.567,8,right_elbow,395.4,243.34,0.9943
18,0.567,9,left_wrist,409.04,268.01,0.5723
18,0.567,10,right_wrist,403.7,272.86,0.9588
18,0.567,11,left_hip,337.54,219.99,0.9895
18,0.567,12,right_hip,327.07,212.12,0.9979
18,0.567,13,left_knee,266.89,247.3,0.9673
18,0.567,14,right_knee,250.35,244.25,0.992
18,0.567,15,left_ankle,210.39,239.91,0.923
18,0.567,16,right_ankle,201.4,238.55,0.967
19,0.6,0,nose,446.51,224.66,0.7904
19,0.6,1,left_eye,447.32,221.41,0.3042
19,0.6,2,right_eye,447.08,219.05,0.7334
19,0.6,3,left_ear,440.91,208.62,0.2407
19,0.6,4,right_ear,437.75,208.01,0.8018
19,0.6,5,left_shoulder,426.18,208.73,0.9655
19,0.6,6,right_shoulder,415.08,210.51,0.9979
19,0.6,7,left_elbow,398.03,235.08,0.7829
19,0.6,8,right_elbow,393.25,246.17,0.995
19,0.6,9,left_wrist,408.81,271.87,0.6597
19,0.6,10,right_wrist,404.83,275.03,0.965
19,0.6,11,left_hip,340.18,221.26,0.9943
19,0.6,12,right_hip,330.02,213.87,0.9987
19,0.6,13,left_knee,272.18,249.78,0.9773
19,0.6,14,right_knee,254.76,248.58,0.9937
19,0.6,15,left_ankle,212.24,237.57,0.9432
19,0.6,16,right_ankle,199.45,240.23,0.9736
20,0.633,0,nose,445.41,224.83,0.7567
20,0.633,1,left_eye,446.17,221.59,0.3098
20,0.633,2,right_eye,446.61,219.27,0.6924
20,0.633,3,left_ear,439.85,208.86,0.2761
20,0.633,4,right_ear,437.72,208.18,0.7653
20,0.633,5,left_shoulder,427.08,210.15,0.9556
20,0.633,6,right_shoulder,413.39,212.4,0.9968
20,0.633,7,left_elbow,400.46,234.94,0.7171
20,0.633,8,right_elbow,394.13,246.69,0.9914
20,0.633,9,left_wrist,410.91,268.31,0.5437
20,0.633,10,right_wrist,405.73,274.2,0.9358
20,0.633,11,left_hip,340.06,222.98,0.9887
20,0.633,12,right_hip,328.35,215.5,0.9972
20,0.633,13,left_knee,267.64,247.38,0.9609
20,0.633,14,right_knee,248.72,245.92,0.9884
20,0.633,15,left_ankle,207.68,237.65,0.9076
20,0.633,16,right_ankle,198.36,239.63,0.9551
21,0.667,0,nose,442.57,226.64,0.8188
21,0.667,1,left_eye,444.36,223.55,0.4164
21,0.667,2,right_eye,443.0,221.18,0.7253
21,0.667,3,left_ear,440.91,212.58,0.3436
21,0.667,4,right_ear,435.35,211.57,0.7367
21,0.667,5,left_shoulder,426.98,213.22,0.9703
21,0.667,6,right_shoulder,415.59,214.99,0.9973
21,0.667,7,left_elbow,399.07,237.1,0.8209
21,0.667,8,right_elbow,395.72,248.6,0.993
21,0.667,9,left_wrist,408.34,271.55,0.7012
21,0.667,10,right_wrist,405.3,273.81,0.9563
21,0.667,11,left_hip,343.52,227.83,0.9943
21,0.667,12,right_hip,333.15,220.22,0.9984
21,0.667,13,left_knee,271.89,249.96,0.9785
21,0.667,14,right_knee,254.21,248.44,0.9927
21,0.667,15,left_ankle,213.83,239.94,0.9484
21,0.667,16,right_ankle,200.57,241.32,0.9732
22,0.7,0,nose,443.98,228.77,0.7493
22,0.7,1,left_eye,445.73,226.22,0.3494
22,0.7,2,right_eye,445.2,223.68,0.6266
22,0.7,3,left_ear,441.61,216.82,0.3423
22,0.7,4,right_ear,438.42,215.23,0.6857
22,0.7,5,left_shoulder,427.87,217.03,0.9671
22,0.7,6,right_shoulder,416.97,218.21,0.9961
22,0.7,7,left_elbow,399.61,238.44,0.8161
22,0.7,8,right_elbow,395.77,249.65,0.9899
22,0.7,9,left_wrist,407.89,269.22,0.6734
22,0.7,10,right_wrist,402.9,273.33,0.9379
22,0.7,11,left_hip,343.46,232.33,0.9932
22,0.7,12,right_hip,333.41,224.23,0.9978
22,0.7,13,left_knee,269.15,250.29,0.9742
22,0.7,14,right_knee,250.79,248.03,0.9901
22,0.7,15,left_ankle,210.83,240.65,0.9404
22,0.7,16,right_ankle,197.81,240.92,0.9662
23,0.733,0,nose,445.81,230.1,0.7031
23,0.733,1,left_eye,447.45,227.77,0.3273
23,0.733,2,right_eye,447.71,225.2,0.5675
23,0.733,3,left_ear,442.31,219.33,0.3648
23,0.733,4,right_ear,441.35,217.77,0.6544
23,0.733,5,left_shoulder,427.58,220.51,0.9636
23,0.733,6,right_shoulder,418.31,221.93,0.9944
23,0.733,7,left_elbow,400.18,239.39,0.7964
23,0.733,8,right_elbow,396.51,251.11,0.9836
23,0.733,9,left_wrist,408.88,267.84,0.6273
23,0.733,10,right_wrist,402.16,273.36,0.9041
23,0.733,11,left_hip,340.87,235.21,0.9906
23,0.733,12,right_hip,331.93,227.01,0.9965
23,0.733,13,left_knee,265.2,250.39,0.9655
23,0.733,14,right_knee,247.25,247.92,0.9847
23,0.733,15,left_ankle,210.42,240.73,0.9261
23,0.733,16,right_ankle,197.88,240.45,0.9536
24,0.767,0,nose,449.64,235.3,0.5803
24,0.767,1,left_eye,450.64,233.27,0.2467
24,0.767,2,right_eye,452.08,230.97,0.4153
24,0.767,3,left_ear,444.61,224.81,0.344
24,0.767,4,right_ear,446.27,223.81,0.5678
24,0.767,5,left_shoulder,431.12,225.02,0.9632
24,0.767,6,right_shoulder,422.85,225.73,0.991
24,0.767,7,left_elbow,401.18,240.99,0.8161
24,0.767,8,right_elbow,396.59,250.79,0.9743
24,0.767,9,left_wrist,407.93,265.31,0.6331
24,0.767,10,right_wrist,398.32,272.24,0.8653
24,0.767,11,left_hip,342.65,236.44,0.9918
24,0.767,12,right_hip,334.76,227.82,0.9961
24,0.767,13,left_knee,264.61,251.06,0.9718
24,0.767,14,right_knee,249.11,248.49,0.9845
24,0.767,15,left_ankle,205.85,238.72,0.9405
24,0.767,16,right_ankle,196.46,239.98,0.9572
25,0.8,0,nose,445.64,236.8,0.6258
25,0.8,1,left_eye,447.83,235.34,0.3449
25,0.8,2,right_eye,448.63,232.63,0.4121
25,0.8,3,left_ear,444.78,229.69,0.4736
25,0.8,4,right_ear,445.05,227.37,0.4941
25,0.8,5,left_shoulder,429.96,231.51,0.9694
25,0.8,6,right_shoulder,422.72,230.61,0.9888
25,0.8,7,left_elbow,399.28,244.09,0.847
25,0.8,8,right_elbow,396.21,252.07,0.9639
25,0.8,9,left_wrist,407.14,266.64,0.6755
25,0.8,10,right_wrist,399.19,272.52,0.8352
25,0.8,11,left_hip,340.84,238.17,0.9917
25,0.8,12,right_hip,333.6,228.79,0.9952
25,0.8,13,left_knee,262.56,251.87,0.9733
25,0.8,14,right_knee,247.97,248.18,0.9821
25,0.8,15,left_ankle,206.88,240.83,0.9442
25,0.8,16,right_ankle,197.04,240.13,0.9549
26,0.833,0,nose,445.66,236.9,0.6242
26,0.833,1,left_eye,447.78,235.42,0.3423
26,0.833,2,right_eye,448.64,232.75,0.4086
26,0.833,3,left_ear,444.76,229.7,0.4738
26,0.833,4,right_ear,445.14,227.45,0.4938
26,0.833,5,left_shoulder,430.19,231.54,0.9702
26,0.833,6,right_shoulder,422.88,230.61,0.9891
26,0.833,7,left_elbow,399.34,244.25,0.8514
26,0.833,8,right_elbow,396.18,252.07,0.9651
26,0.833,9,left_wrist,407.23,266.8,0.6833
26,0.833,10,right_wrist,399.12,272.57,0.8401
26,0.833,11,left_hip,341.15,237.89,0.9921
26,0.833,12,right_hip,333.86,228.5,0.9954
26,0.833,13,left_knee,262.86,251.87,0.9743
26,0.833,14,right_knee,248.23,248.24,0.9828
26,0.833,15,left_ankle,206.87,240.59,0.9456
26,0.833,16,right_ankle,196.98,240.12,0.9561
27,0.867,0,nose,447.08,240.39,0.6768
27,0.867,1,left_eye,449.65,238.89,0.4249
27,0.867,2,right_eye,449.29,236.47,0.4358
27,0.867,3,left_ear,449.29,234.23,0.5354
27,0.867,4,right_ear,445.45,232.19,0.4678
27,0.867,5,left_shoulder,438.57,238.82,0.9786
27,0.867,6,right_shoulder,423.51,236.01,0.9892
27,0.867,7,left_elbow,409.51,251.56,0.8895
27,0.867,8,right_elbow,395.46,256.12,0.9626
27,0.867,9,left_wrist,413.92,266.42,0.7559
27,0.867,10,right_wrist,401.97,274.41,0.8462
27,0.867,11,left_hip,346.92,237.29,0.9942
27,0.867,12,right_hip,334.93,227.04,0.996
27,0.867,13,left_knee,265.6,252.64,0.9823
27,0.867,14,right_knee,250.26,248.19,0.9862
27,0.867,15,left_ankle,208.25,237.26,0.9601
27,0.867,16,right_ankle,198.99,238.26,0.9648
28,0.9,0,nose,443.06,244.31,0.7245
28,0.9,1,left_eye,446.6,243.21,0.5825
28,0.9,2,right_eye,445.66,240.5,0.3728
28,0.9,3,left_ear,452.2,240.15,0.6952
28,0.9,4,right_ear,445.32,236.59,0.2956
28,0.9,5,left_shoulder,447.47,247.11,0.9885
28,0.9,6,right_shoulder,425.27,239.86,0.9845
28,0.9,7,left_elbow,420.75,259.72,0.9507
28,0.9,8,right_elbow,398.86,257.31,0.943
28,0.9,9,left_wrist,415.6,264.53,0.8779
28,0.9,10,right_wrist,405.79,274.74,0.8262
28,0.9,11,left_hip,353.58,240.08,0.9964
28,0.9,12,right_hip,337.17,227.29,0.9958
28,0.9,13,left_knee,266.37,254.51,0.9892
28,0.9,14,right_knee,250.74,246.36,0.9864
28,0.9,15,left_ankle,208.11,237.66,0.9713
28,0.9,16,right_ankle,201.77,235.8,0.9663
29,0.933,0,nose,445.82,248.76,0.6007
29,0.933,1,left_eye,447.42,247.28,0.3663
29,0.933,2,right_eye,448.75,245.01,0.3524
29,0.933,3,left_ear,446.58,240.87,0.522
29,0.933,4,right_ear,446.28,239.23,0.4092
29,0.933,5,left_shoulder,437.49,242.78,0.9735
29,0.933,6,right_shoulder,424.52,241.97,0.9856
29,0.933,7,left_elbow,408.93,253.29,0.8766
29,0.933,8,right_elbow,402.11,261.7,0.9539
29,0.933,9,left_wrist,416.62,264.26,0.736
29,0.933,10,right_wrist,410.21,275.0,0.8214
29,0.933,11,left_hip,349.08,239.28,0.9928
29,0.933,12,right_hip,337.79,230.11,0.9948
29,0.933,13,left_knee,269.59,252.07,0.9793
29,0.933,14,right_knee,252.15,249.29,0.9833
29,0.933,15,left_ankle,211.11,236.45,0.9555
29,0.933,16,right_ankle,200.28,238.26,0.9599
30,0.967,0,nose,444.3,251.78,0.6349
30,0.967,1,left_eye,446.34,250.01,0.4189
30,0.967,2,right_eye,447.13,248.0,0.3842
30,0.967,3,left_ear,447.49,242.66,0.5565
30,0.967,4,right_ear,445.53,241.55,0.3923
30,0.967,5,left_shoulder,438.34,243.65,0.9708
30,0.967,6,right_shoulder,424.65,244.5,0.9859
30,0.967,7,left_elbow,408.55,254.04,0.8622
30,0.967,8,right_elbow,402.74,265.26,0.9536
30,0.967,9,left_wrist,416.7,264.92,0.7222
30,0.967,10,right_wrist,411.92,276.96,0.8215
30,0.967,11,left_hip,350.0,239.22,0.9928
30,0.967,12,right_hip,338.22,230.78,0.9951
30,0.967,13,left_knee,271.52,252.66,0.9826
30,0.967,14,right_knee,253.34,251.06,0.9866
30,0.967,15,left_ankle,214.13,238.37,0.9652
30,0.967,16,right_ankle,202.11,241.05,0.9699
31,1.0,0,nose,444.55,252.83,0.6362
31,1.0,1,left_eye,446.94,250.99,0.4376
31,1.0,2,right_eye,447.06,249.27,0.3873
31,1.0,3,left_ear,449.04,244.15,0.567
31,1.0,4,right_ear,445.19,243.51,0.3737
31,1.0,5,left_shoulder,440.7,245.42,0.969
31,1.0,6,right_shoulder,424.4,247.21,0.9844
31,1.0,7,left_elbow,411.3,256.15,0.8526
31,1.0,8,right_elbow,402.24,268.76,0.9467
31,1.0,9,left_wrist,417.25,265.53,0.7091
31,1.0,10,right_wrist,412.02,277.75,0.8043
31,1.0,11,left_hip,352.4,240.44,0.9927
31,1.0,12,right_hip,339.11,232.42,0.9948
31,1.0,13,left_knee,274.02,252.29,0.9844
31,1.0,14,right_knee,255.81,251.3,0.9877
31,1.0,15,left_ankle,216.63,238.27,0.9713
31,1.0,16,right_ankle,205.14,241.45,0.9749
32,1.033,0,nose,444.57,252.83,0.6269
32,1.033,1,left_eye,446.88,250.94,0.4286
32,1.033,2,right_eye,447.13,249.32,0.38
32,1.033,3,left_ear,448.65,243.97,0.5696
32,1.033,4,right_ear,445.27,243.64,0.376
32,1.033,5,left_shoulder,439.98,245.03,0.9686
32,1.033,6,right_shoulder,424.2,247.54,0.9841
32,1.033,7,left_elbow,410.49,255.6,0.8488
32,1.033,8,right_elbow,402.07,269.44,0.945
32,1.033,9,left_wrist,417.76,264.86,0.7001
32,1.033,10,right_wrist,412.81,277.5,0.7967
32,1.033,11,left_hip,351.54,240.45,0.9923
32,1.033,12,right_hip,338.54,232.77,0.9946
32,1.033,13,left_knee,273.23,252.04,0.9835
32,1.033,14,right_knee,254.92,251.63,0.9869
32,1.033,15,left_ankle,216.47,238.12,0.9696
32,1.033,16,right_ankle,204.56,241.85,0.9733
33,1.067,0,nose,446.48,254.47,0.5824
33,1.067,1,left_eye,448.09,252.46,0.3576
33,1.067,2,right_eye,448.89,251.03,0.3624
33,1.067,3,left_ear,447.3,244.41,0.5154
33,1.067,4,right_ear,445.49,244.94,0.4093
33,1.067,5,left_shoulder,438.36,243.79,0.9653
33,1.067,6,right_shoulder,423.0,247.85,0.9846
33,1.067,7,left_elbow,409.92,254.23,0.8355
33,1.067,8,right_elbow,402.41,270.03,0.949
33,1.067,9,left_wrist,417.73,265.84,0.6723
33,1.067,10,right_wrist,413.09,277.67,0.7981
33,1.067,11,left_hip,349.26,241.2,0.9916
33,1.067,12,right_hip,336.29,234.21,0.9944
33,1.067,13,left_knee,271.93,251.65,0.9805
33,1.067,14,right_knee,252.15,252.33,0.9855
33,1.067,15,left_ankle,215.51,238.07,0.9639
33,1.067,16,right_ankle,202.52,242.83,0.9692
34,1.1,0,nose,446.07,255.58,0.6649
34,1.1,1,left_eye,448.37,253.65,0.4436
34,1.1,2,right_eye,448.12,252.09,0.4443
34,1.1,3,left_ear,449.51,246.23,0.5358
34,1.1,4,right_ear,444.5,246.19,0.4175
34,1.1,5,left_shoulder,441.04,246.49,0.9662
34,1.1,6,right_shoulder,422.85,249.32,0.9861
34,1.1,7,left_elbow,413.49,256.85,0.839
34,1.1,8,right_elbow,402.72,270.71,0.9549
34,1.1,9,left_wrist,419.31,265.87,0.6992
34,1.1,10,right_wrist,413.64,278.16,0.8266
34,1.1,11,left_hip,351.9,242.45,0.9918
34,1.1,12,right_hip,337.24,234.78,0.9948
34,1.1,13,left_knee,273.19,252.14,0.9821
34,1.1,14,right_knee,253.07,251.51,0.9872
34,1.1,15,left_ankle,216.66,237.49,0.9675
34,1.1,16,right_ankle,203.99,240.98,0.9733
35,1.133,0,nose,439.29,255.64,0.5225
35,1.133,1,left_eye,441.15,254.58,0.3601
35,1.133,2,right_eye,443.94,253.8,0.2895
35,1.133,3,left_ear,441.39,249.95,0.7464
35,1.133,4,right_ear,446.82,249.23,0.5733
35,1.133,5,left_shoulder,426.46,249.33,0.9814
35,1.133,6,right_shoulder,422.97,247.52,0.9892
35,1.133,7,left_elbow,403.17,255.52,0.8974
35,1.133,8,right_elbow,400.78,258.21,0.946
35,1.133,9,left_wrist,417.26,263.83,0.8105
35,1.133,10,right_wrist,419.7,264.47,0.824
35,1.133,11,left_hip,337.57,255.41,0.991
35,1.133,12,right_hip,330.28,247.81,0.9921
35,1.133,13,left_knee,267.27,255.86,0.9665
35,1.133,14,right_knee,260.17,256.25,0.9677
35,1.133,15,left_ankle,220.15,237.93,0.9247
35,1.133,16,right_ankle,208.77,242.45,0.9241
36,1.167,0,nose,439.99,257.52,0.4456
36,1.167,1,left_eye,441.82,256.55,0.3167
36,1.167,2,right_eye,444.92,255.89,0.2231
36,1.167,3,left_ear,442.69,252.44,0.7418
36,1.167,4,right_ear,448.88,251.69,0.5159
36,1.167,5,left_shoulder,428.6,251.27,0.9778
36,1.167,6,right_shoulder,426.31,249.13,0.9846
36,1.167,7,left_elbow,405.18,255.52,0.8794
36,1.167,8,right_elbow,403.02,258.29,0.9229
36,1.167,9,left_wrist,420.91,260.65,0.7737
36,1.167,10,right_wrist,420.07,263.46,0.7659
36,1.167,11,left_hip,340.85,254.35,0.989
36,1.167,12,right_hip,334.33,246.55,0.9895
36,1.167,13,left_knee,268.6,255.89,0.9618
36,1.167,14,right_knee,262.41,256.28,0.9607
36,1.167,15,left_ankle,219.86,237.88,0.9188
36,1.167,16,right_ankle,208.64,242.82,0.9149
37,1.2,0,nose,442.87,258.63,0.4633
37,1.2,1,left_eye,444.36,257.81,0.3174
37,1.2,2,right_eye,447.96,256.86,0.2466
37,1.2,3,left_ear,443.31,253.24,0.7395
37,1.2,4,right_ear,450.83,252.18,0.5619
37,1.2,5,left_shoulder,426.78,251.55,0.9789
37,1.2,6,right_shoulder,426.85,249.57,0.9864
37,1.2,7,left_elbow,402.35,255.24,0.8786
37,1.2,8,right_elbow,403.87,258.52,0.9298
37,1.2,9,left_wrist,421.3,260.66,0.7713
37,1.2,10,right_wrist,422.84,263.48,0.7777
37,1.2,11,left_hip,338.81,253.98,0.9893
37,1.2,12,right_hip,333.48,246.55,0.9902
37,1.2,13,left_knee,268.52,256.22,0.9621
37,1.2,14,right_knee,262.64,256.98,0.9622
37,1.2,15,left_ankle,220.23,237.97,0.9184
37,1.2,16,right_ankle,208.56,242.85,0.9158
38,1.233,0,nose,442.75,258.6,0.4727
38,1.233,1,left_eye,444.29,257.78,0.3258
38,1.233,2,right_eye,447.81,256.82,0.2519
38,1.233,3,left_ear,443.43,253.18,0.7435
38,1.233,4,right_ear,450.7,252.08,0.5624
38,1.233,5,left_shoulder,427.02,251.51,0.9795
38,1.233,6,right_shoulder,426.71,249.41,0.9867
38,1.233,7,left_elbow,402.68,255.48,0.8824
38,1.233,8,right_elbow,403.81,258.5,0.9312
38,1.233,9,left_wrist,421.34,261.04,0.7778
38,1.233,10,right_wrist,423.09,263.57,0.782
38,1.233,11,left_hip,338.81,254.02,0.9896
38,1.233,12,right_hip,333.25,246.54,0.9904
38,1.233,13,left_knee,268.63,256.32,0.9627
38,1.233,14,right_knee,262.73,257.02,0.9625
38,1.233,15,left_ankle,220.16,237.89,0.9188
38,1.233,16,right_ankle,208.6,242.71,0.9159
39,1.267,0,nose,442.46,258.48,0.4894
39,1.267,1,left_eye,444.27,257.7,0.3485
39,1.267,2,right_eye,447.25,256.71,0.2569
39,1.267,3,left_ear,444.37,253.47,0.752
39,1.267,4,right_ear,450.01,252.17,0.5462
39,1.267,5,left_shoulder,429.21,252.11,0.9807
39,1.267,6,right_shoulder,426.07,249.24,0.9861
39,1.267,7,left_elbow,405.96,257.17,0.8909
39,1.267,8,right_elbow,403.35,258.67,0.9286
39,1.267,9,left_wrist,423.06,264.54,0.7912
39,1.267,10,right_wrist,423.81,265.42,0.7808
39,1.267,11,left_hip,340.54,254.29,0.9898
39,1.267,12,right_hip,333.22,246.42,0.9901
39,1.267,13,left_knee,269.67,256.99,0.9622
39,1.267,14,right_knee,263.23,257.15,0.9605
39,1.267,15,left_ankle,220.0,238.33,0.916
39,1.267,16,right_ankle,208.84,242.72,0.9109
40,1.3,0,nose,442.09,258.09,0.5205
40,1.3,1,left_eye,444.11,257.33,0.3735
40,1.3,2,right_eye,446.76,256.25,0.2835
40,1.3,3,left_ear,444.44,253.24,0.7599
40,1.3,4,right_ear,449.27,251.77,0.5649
40,1.3,5,left_shoulder,429.2,252.01,0.9817
40,1.3,6,right_shoulder,425.01,249.13,0.9874
40,1.3,7,left_elbow,406.32,257.11,0.8935
40,1.3,8,right_elbow,402.79,258.69,0.9337
40,1.3,9,left_wrist,423.53,264.77,0.7962
40,1.3,10,right_wrist,423.97,265.22,0.7915
40,1.3,11,left_hip,340.19,254.42,0.9903
40,1.3,12,right_hip,332.19,246.53,0.9908
40,1.3,13,left_knee,269.27,257.39,0.9639
40,1.3,14,right_knee,262.17,257.51,0.9629
40,1.3,15,left_ankle,220.0,239.27,0.919
40,1.3,16,right_ankle,208.63,243.41,0.9151
41,1.333,0,nose,442.8,258.33,0.5017
41,1.333,1,left_eye,444.77,257.58,0.3558
41,1.333,2,right_eye,447.39,256.52,0.2705
41,1.333,3,left_ear,445.02,253.46,0.7489
41,1.333,4,right_ear,449.7,252.02,0.5557
41,1.333,5,left_shoulder,429.97,252.04,0.9806
41,1.333,6,right_shoulder,425.56,249.1,0.9867
41,1.333,7,left_elbow,407.26,257.14,0.8889
41,1.333,8,right_elbow,403.2,258.73,0.9319
41,1.333,9,left_wrist,424.53,265.04,0.789
41,1.333,10,right_wrist,424.8,265.81,0.7873
41,1.333,11,left_hip,341.17,254.19,0.99
41,1.333,12,right_hip,333.02,246.32,0.9906
41,1.333,13,left_knee,270.48,257.7,0.9629
41,1.333,14,right_knee,263.65,257.81,0.9622
41,1.333,15,left_ankle,219.87,238.98,0.9173
41,1.333,16,right_ankle,208.75,243.22,0.9138
42,1.367,0,nose,443.57,258.71,0.4892
42,1.367,1,left_eye,445.45,257.99,0.3466
42,1.367,2,right_eye,448.36,256.87,0.2657
42,1.367,3,left_ear,445.07,253.9,0.7471
42,1.367,4,right_ear,450.66,252.39,0.5625
42,1.367,5,left_shoulder,429.2,252.04,0.9793
42,1.367,6,right_shoulder,426.16,249.55,0.9858
42,1.367,7,left_elbow,405.81,255.9,0.8779
42,1.367,8,right_elbow,403.28,258.73,0.9246
42,1.367,9,left_wrist,424.39,262.21,0.767
42,1.367,10,right_wrist,423.67,264.59,0.765
42,1.367,11,left_hip,340.63,253.91,0.9888
42,1.367,12,right_hip,333.32,246.23,0.9895
42,1.367,13,left_knee,269.27,256.99,0.96
42,1.367,14,right_knee,262.42,257.39,0.9591
42,1.367,15,left_ankle,219.5,239.35,0.9141
42,1.367,16,right_ankle,208.1,243.63,0.91
43,1.4,0,nose,441.28,255.02,0.5184
43,1.4,1,left_eye,443.42,254.26,0.3762
43,1.4,2,right_eye,445.78,253.26,0.2853
43,1.4,3,left_ear,443.77,251.2,0.755
43,1.4,4,right_ear,448.26,249.88,0.5635
43,1.4,5,left_shoulder,428.82,251.05,0.9801
43,1.4,6,right_shoulder,425.1,248.58,0.986
43,1.4,7,left_elbow,406.51,255.58,0.8814
43,1.4,8,right_elbow,402.51,258.18,0.924
43,1.4,9,left_wrist,422.73,261.2,0.7743
43,1.4,10,right_wrist,420.65,263.3,0.7671
43,1.4,11,left_hip,340.97,254.68,0.9889
43,1.4,12,right_hip,333.62,246.78,0.9894
43,1.4,13,left_knee,268.86,256.33,0.9612
43,1.4,14,right_knee,262.14,256.23,0.9599
43,1.4,15,left_ankle,219.2,239.03,0.918
43,1.4,16,right_ankle,208.09,242.77,0.9135
44,1.433,0,nose,441.11,255.09,0.5172
44,1.433,1,left_eye,443.25,254.32,0.3744
44,1.433,2,right_eye,445.61,253.34,0.2845
44,1.433,3,left_ear,443.7,251.26,0.7538
44,1.433,4,right_ear,448.15,249.97,0.5619
44,1.433,5,left_shoulder,428.81,251.14,0.9798
44,1.433,6,right_shoulder,425.07,248.62,0.9861
44,1.433,7,left_elbow,406.65,255.67,0.8804
44,1.433,8,right_elbow,402.56,258.16,0.925
44,1.433,9,left_wrist,422.91,261.19,0.7747
44,1.433,10,right_wrist,420.79,263.39,0.7702
44,1.433,11,left_hip,341.05,254.64,0.9887
44,1.433,12,right_hip,333.67,246.72,0.9894
44,1.433,13,left_knee,268.85,256.22,0.9608
44,1.433,14,right_knee,262.18,256.07,0.9598
44,1.433,15,left_ankle,219.61,238.94,0.9172
44,1.433,16,right_ankle,208.52,242.7,0.9131
45,1.467,0,nose,444.57,251.76,0.605
45,1.467,1,left_eye,447.14,250.5,0.4358
45,1.467,2,right_eye,447.67,248.52,0.3476
45,1.467,3,left_ear,448.46,245.81,0.6057
45,1.467,4,right_ear,446.47,244.48,0.3567
45,1.467,5,left_shoulder,438.9,246.71,0.9706
45,1.467,6,right_shoulder,424.73,248.7,0.9802
45,1.467,7,left_elbow,408.42,255.24,0.8555
45,1.467,8,right_elbow,403.03,269.05,0.9254
45,1.467,9,left_wrist,416.45,264.42,0.6833
45,1.467,10,right_wrist,413.0,277.13,0.7372
45,1.467,11,left_hip,352.53,244.95,0.9916
45,1.467,12,right_hip,340.48,237.08,0.9931
45,1.467,13,left_knee,272.96,251.78,0.9815
45,1.467,14,right_knee,254.24,250.85,0.9831
45,1.467,15,left_ankle,215.82,240.76,0.9675
45,1.467,16,right_ankle,203.79,242.71,0.9686
46,1.5,0,nose,443.58,249.85,0.6288
46,1.5,1,left_eye,446.17,248.53,0.4394
46,1.5,2,right_eye,446.7,246.29,0.3689
46,1.5,3,left_ear,447.74,243.33,0.5904
46,1.5,4,right_ear,445.68,241.4,0.3721
46,1.5,5,left_shoulder,437.48,244.7,0.9713
46,1.5,6,right_shoulder,424.92,245.55,0.9834
46,1.5,7,left_elbow,406.36,253.96,0.862
46,1.5,8,right_elbow,403.01,266.14,0.9418
46,1.5,9,left_wrist,415.76,264.02,0.7097
46,1.5,10,right_wrist,413.06,276.62,0.7868
46,1.5,11,left_hip,352.26,242.24,0.9923
46,1.5,12,right_hip,341.21,234.0,0.9942
46,1.5,13,left_knee,273.49,253.2,0.9816
46,1.5,14,right_knee,256.03,251.57,0.9845
46,1.5,15,left_ankle,215.36,240.49,0.9649
46,1.5,16,right_ankle,203.93,241.85,0.9679
47,1.533,0,nose,444.9,248.4,0.6377
47,1.533,1,left_eye,446.32,246.13,0.3706
47,1.533,2,right_eye,447.03,244.52,0.4193
47,1.533,3,left_ear,445.26,237.71,0.5072
47,1.533,4,right_ear,443.84,237.84,0.483
47,1.533,5,left_shoulder,435.89,238.82,0.9718
47,1.533,6,right_shoulder,423.55,241.55,0.9903
47,1.533,7,left_elbow,407.82,249.56,0.8559
47,1.533,8,right_elbow,401.81,263.55,0.9684
47,1.533,9,left_wrist,416.48,261.86,0.7198
47,1.533,10,right_wrist,411.21,275.14,0.8635
47,1.533,11,left_hip,349.13,237.19,0.9934
47,1.533,12,right_hip,338.34,229.81,0.9962
47,1.533,13,left_knee,273.34,252.57,0.9821
47,1.533,14,right_knee,256.65,252.34,0.9883
47,1.533,15,left_ankle,215.35,237.28,0.9617
47,1.533,16,right_ankle,204.22,241.71,0.9701
48,1.567,0,nose,445.52,239.92,0.6999
48,1.567,1,left_eye,447.56,238.43,0.4191
48,1.567,2,right_eye,447.91,236.01,0.4828
48,1.567,3,left_ear,446.08,233.17,0.5317
48,1.567,4,right_ear,444.72,231.22,0.5506
48,1.567,5,left_shoulder,434.74,236.74,0.979
48,1.567,6,right_shoulder,423.84,235.0,0.9927
48,1.567,7,left_elbow,404.81,248.43,0.8858
48,1.567,8,right_elbow,396.5,254.75,0.9756
48,1.567,9,left_wrist,412.68,266.33,0.7595
48,1.567,10,right_wrist,402.0,273.92,0.8885
48,1.567,11,left_hip,348.77,236.58,0.9944
48,1.567,12,right_hip,339.26,227.25,0.9968
48,1.567,13,left_knee,270.91,253.56,0.9808
48,1.567,14,right_knee,255.61,250.18,0.9875
48,1.567,15,left_ankle,213.42,239.22,0.9536
48,1.567,16,right_ankle,202.79,240.48,0.9636
49,1.6,0,nose,445.49,234.17,0.7816
49,1.6,1,left_eye,448.44,232.85,0.491
49,1.6,2,right_eye,447.55,229.7,0.6185
49,1.6,3,left_ear,447.18,228.36,0.4928
49,1.6,4,right_ear,443.02,224.64,0.6121
49,1.6,5,left_shoulder,432.32,232.02,0.9747
49,1.6,6,right_shoulder,422.97,229.09,0.9941
49,1.6,7,left_elbow,401.83,245.61,0.8549
49,1.6,8,right_elbow,396.91,251.01,0.9807
49,1.6,9,left_wrist,408.14,267.71,0.7234
49,1.6,10,right_wrist,400.64,273.34,0.9071
49,1.6,11,left_hip,348.48,236.45,0.9935
49,1.6,12,right_hip,339.91,226.6,0.997
49,1.6,13,left_knee,271.8,253.24,0.9791
49,1.6,14,right_knee,257.73,248.04,0.9888
49,1.6,15,left_ankle,213.09,240.99,0.9542
49,1.6,16,right_ankle,203.28,238.25,0.9684
50,1.633,0,nose,445.47,234.17,0.7745
50,1.633,1,left_eye,448.41,232.83,0.4863
50,1.633,2,right_eye,447.54,229.73,0.6074
50,1.633,3,left_ear,447.14,228.28,0.495
50,1.633,4,right_ear,443.05,224.72,0.6029
50,1.633,5,left_shoulder,432.31,231.81,0.9743
50,1.633,6,right_shoulder,422.92,229.21,0.9937
50,1.633,7,left_elbow,401.91,245.25,0.8528
50,1.633,8,right_elbow,396.91,251.26,0.9793
50,1.633,9,left_wrist,408.15,267.39,0.7171
50,1.633,10,right_wrist,400.61,273.37,0.9007
50,1.633,11,left_hip,348.14,236.45,0.9933
50,1.633,12,right_hip,339.55,226.72,0.9968
50,1.633,13,left_knee,271.41,253.0,0.9787
50,1.633,14,right_knee,257.25,248.01,0.9883
50,1.633,15,left_ankle,212.96,240.84,0.9539
50,1.633,16,right_ankle,203.07,238.28,0.9677
51,1.667,0,nose,448.66,231.25,0.7186
51,1.667,1,left_eye,450.17,229.01,0.3423
51,1.667,2,right_eye,450.52,226.49,0.5847
51,1.667,3,left_ear,445.1,220.73,0.3746
51,1.667,4,right_ear,444.14,219.2,0.6735
51,1.667,5,left_shoulder,430.55,222.58,0.9686
51,1.667,6,right_shoulder,421.21,223.39,0.9952
51,1.667,7,left_elbow,400.68,240.46,0.8186
51,1.667,8,right_elbow,395.64,251.11,0.9858
51,1.667,9,left_wrist,408.78,266.34,0.667
51,1.667,10,right_wrist,400.71,273.11,0.9185
51,1.667,11,left_hip,344.88,234.14,0.9928
51,1.667,12,right_hip,335.98,225.98,0.9973
51,1.667,13,left_knee,270.1,250.77,0.9742
51,1.667,14,right_knee,252.82,248.39,0.9886
51,1.667,15,left_ankle,212.56,239.03,0.9427
51,1.667,16,right_ankle,199.78,239.69,0.9644
52,1.7,0,nose,443.51,226.28,0.8145
52,1.7,1,left_eye,446.29,223.88,0.5009
52,1.7,2,right_eye,444.6,220.98,0.6637
52,1.7,3,left_ear,444.99,216.08,0.4541
52,1.7,4,right_ear,438.84,213.32,0.6333
52,1.7,5,left_shoulder,430.17,218.4,0.9769
52,1.7,6,right_shoulder,419.72,218.15,0.9957
52,1.7,7,left_elbow,399.85,238.95,0.8683
52,1.7,8,right_elbow,395.79,249.0,0.9868
52,1.7,9,left_wrist,408.16,268.72,0.7514
52,1.7,10,right_wrist,403.05,273.08,0.9322
52,1.7,11,left_hip,348.56,231.32,0.995
52,1.7,12,right_hip,338.98,222.89,0.9979
52,1.7,13,left_knee,274.06,250.39,0.9834
52,1.7,14,right_knee,258.0,247.36,0.9919
52,1.7,15,left_ankle,214.6,241.07,0.9614
52,1.7,16,right_ankle,201.84,239.84,0.9748
53,1.733,0,nose,445.76,222.7,0.8046
53,1.733,1,left_eye,447.64,219.95,0.3874
53,1.733,2,right_eye,446.29,217.46,0.7114
53,1.733,3,left_ear,443.5,210.88,0.3348
53,1.733,4,right_ear,438.46,209.34,0.7534
53,1.733,5,left_shoulder,428.83,213.33,0.9726
53,1.733,6,right_shoulder,418.79,213.46,0.9976
53,1.733,7,left_elbow,399.82,235.86,0.8294
53,1.733,8,right_elbow,394.3,245.12,0.9937
53,1.733,9,left_wrist,409.18,269.51,0.7122
53,1.733,10,right_wrist,402.55,272.71,0.9604
53,1.733,11,left_hip,346.39,225.57,0.9953
53,1.733,12,right_hip,337.16,217.39,0.9987
53,1.733,13,left_knee,274.19,250.12,0.9819
53,1.733,14,right_knee,258.99,247.54,0.994
53,1.733,15,left_ankle,213.15,237.87,0.9552
53,1.733,16,right_ankle,200.78,238.79,0.9771
54,1.767,0,nose,445.29,222.56,0.7256
54,1.767,1,left_eye,446.03,219.53,0.264
54,1.767,2,right_eye,446.74,216.95,0.6587
54,1.767,3,left_ear,439.68,207.3,0.2372
54,1.767,4,right_ear,438.38,205.82,0.7535
54,1.767,5,left_shoulder,426.7,208.26,0.9518
54,1.767,6,right_shoulder,415.73,209.75,0.9969
54,1.767,7,left_elbow,400.11,231.94,0.7127
54,1.767,8,right_elbow,396.27,243.05,0.9927
54,1.767,9,left_wrist,409.7,266.08,0.548
54,1.767,10,right_wrist,404.12,272.52,0.945
54,1.767,11,left_hip,342.77,222.68,0.9908
54,1.767,12,right_hip,332.89,214.81,0.9979
54,1.767,13,left_knee,270.18,247.22,0.9697
54,1.767,14,right_knee,253.18,244.71,0.9918
54,1.767,15,left_ankle,206.79,238.0,0.9287
54,1.767,16,right_ankle,198.66,238.05,0.9676
55,1.8,0,nose,444.52,218.09,0.7452
55,1.8,1,left_eye,445.27,214.64,0.2393
55,1.8,2,right_eye,445.54,212.42,0.7077
55,1.8,3,left_ear,437.76,201.37,0.1825
55,1.8,4,right_ear,435.7,200.95,0.7852
55,1.8,5,left_shoulder,422.04,201.59,0.9418
55,1.8,6,right_shoulder,413.95,204.49,0.9975
55,1.8,7,left_elbow,396.56,227.33,0.6883
55,1.8,8,right_elbow,396.27,239.34,0.995
55,1.8,9,left_wrist,408.32,266.5,0.5568
55,1.8,10,right_wrist,401.36,270.93,0.9615
55,1.8,11,left_hip,337.48,218.1,0.9906
55,1.8,12,right_hip,329.52,210.9,0.9982
55,1.8,13,left_knee,269.33,245.2,0.9688
55,1.8,14,right_knee,253.97,243.54,0.9929
55,1.8,15,left_ankle,210.06,238.27,0.9243
55,1.8,16,right_ankle,202.14,239.37,0.9691
56,1.833,0,nose,444.42,218.06,0.7468
56,1.833,1,left_eye,445.18,214.63,0.2406
56,1.833,2,right_eye,445.46,212.38,0.7087
56,1.833,3,left_ear,437.71,201.43,0.1827
56,1.833,4,right_ear,435.66,200.93,0.7854
56,1.833,5,left_shoulder,422.0,201.71,0.9422
56,1.833,6,right_shoulder,413.95,204.45,0.9975
56,1.833,7,left_elbow,396.49,227.53,0.6904
56,1.833,8,right_elbow,396.24,239.27,0.995
56,1.833,9,left_wrist,408.17,266.78,0.5593
56,1.833,10,right_wrist,401.21,270.91,0.9618
56,1.833,11,left_hip,337.55,218.18,0.9906
56,1.833,12,right_hip,329.63,210.91,0.9982
56,1.833,13,left_knee,269.46,245.3,0.9689
56,1.833,14,right_knee,254.17,243.54,0.9929
56,1.833,15,left_ankle,210.09,238.53,0.9243
56,1.833,16,right_ankle,202.24,239.49,0.969
57,1.867,0,nose,441.83,212.9,0.821
57,1.867,1,left_eye,443.79,210.01,0.3397
57,1.867,2,right_eye,443.1,206.78,0.7758
57,1.867,3,left_ear,438.57,198.84,0.2049
57,1.867,4,right_ear,433.93,195.73,0.7757
57,1.867,5,left_shoulder,421.0,200.36,0.9451
57,1.867,6,right_shoulder,412.82,200.4,0.9975
57,1.867,7,left_elbow,396.55,226.65,0.7136
57,1.867,8,right_elbow,395.91,235.83,0.9951
57,1.867,9,left_wrist,407.67,268.36,0.6036
57,1.867,10,right_wrist,400.41,271.39,0.9657
57,1.867,11,left_hip,338.11,217.18,0.9902
57,1.867,12,right_hip,330.21,208.7,0.9981
57,1.867,13,left_knee,269.21,244.62,0.9683
57,1.867,14,right_knee,255.02,240.25,0.9925
57,1.867,15,left_ankle,211.21,241.15,0.9224
57,1.867,16,right_ankle,204.64,237.32,0.9678
58,1.9,0,nose,444.6,208.86,0.7958
58,1.9,1,left_eye,445.63,205.75,0.267
58,1.9,2,right_eye,445.95,202.92,0.7705
58,1.9,3,left_ear,436.86,194.26,0.1585
58,1.9,4,right_ear,435.16,192.29,0.8134
58,1.9,5,left_shoulder,418.14,195.99,0.9435
58,1.9,6,right_shoulder,412.74,197.7,0.9975
58,1.9,7,left_elbow,395.52,223.87,0.6975
58,1.9,8,right_elbow,395.59,235.23,0.9951
58,1.9,9,left_wrist,408.6,266.23,0.5804
58,1.9,10,right_wrist,400.08,270.97,0.9647
58,1.9,11,left_hip,335.86,215.47,0.9896
58,1.9,12,right_hip,329.95,207.94,0.998
58,1.9,13,left_knee,269.21,241.37,0.9667
58,1.9,14,right_knee,256.45,238.06,0.9923
58,1.9,15,left_ankle,212.76,239.96,0.9191
58,1.9,16,right_ankle,206.61,237.37,0.9661
59,1.933,0,nose,443.77,202.74,0.8344
59,1.933,1,left_eye,445.39,199.64,0.3112
59,1.933,2,right_eye,444.91,196.52,0.8063
59,1.933,3,left_ear,437.02,189.26,0.1532
59,1.933,4,right_ear,433.21,186.55,0.8089
59,1.933,5,left_shoulder,416.73,192.39,0.9447
59,1.933,6,right_shoulder,410.86,193.77,0.9975
59,1.933,7,left_elbow,396.22,222.23,0.7226
59,1.933,8,right_elbow,396.49,233.85,0.9952
59,1.933,9,left_wrist,409.0,265.84,0.6265
59,1.933,10,right_wrist,400.8,271.82,0.9679
59,1.933,11,left_hip,335.45,214.8,0.989
59,1.933,12,right_hip,329.12,207.06,0.9978
59,1.933,13,left_knee,267.67,240.61,0.9639
59,1.933,14,right_knee,254.39,236.33,0.9912
59,1.933,15,left_ankle,215.8,241.81,0.9085
59,1.933,16,right_ankle,208.74,237.08,0.96
60,1.967,0,nose,443.87,199.24,0.8577
60,1.967,1,left_eye,445.28,195.62,0.3291
60,1.967,2,right_eye,444.35,193.04,0.8364
60,1.967,3,left_ear,435.92,184.73,0.1516
60,1.967,4,right_ear,431.25,183.34,0.8418
60,1.967,5,left_shoulder,415.71,188.5,0.9564
60,1.967,6,right_shoulder,409.56,192.01,0.9979
60,1.967,7,left_elbow,395.63,220.16,0.7519
60,1.967,8,right_elbow,396.9,234.81,0.9955
60,1.967,9,left_wrist,407.83,263.63,0.6523
60,1.967,10,right_wrist,401.55,271.38,0.9695
60,1.967,11,left_hip,335.48,213.31,0.991
60,1.967,12,right_hip,329.13,206.64,0.9981
60,1.967,13,left_knee,268.52,239.68,0.9705
60,1.967,14,right_knee,255.98,237.06,0.9925
60,1.967,15,left_ankle,216.62,241.48,0.9214
60,1.967,16,right_ankle,210.59,238.79,0.9646
