frame_id,video_time_sec,expected_label,window_seconds,confidence_threshold,stabilization_buffer,stabilization_min_votes,buffer_duration_sec,valid_feature_ratio,raw_label,threshold_label,stable_label,confidence,prediction_updated,processing_fps,frame_processing_sec
0,0.0,,3.0,0.2,5,3,0.0,1.0,WARMING_UP,WARMING_UP,WARMING_UP,0.0,0,0.0,1.32306
1,0.04,,3.0,0.2,5,3,0.04,1.0,WARMING_UP,WARMING_UP,WARMING_UP,0.0,0,53.44,0.01697
2,0.08,,3.0,0.2,5,3,0.08,1.0,WARMING_UP,WARMING_UP,WARMING_UP,0.0,0,54.335,0.01536
3,0.12,,3.0,0.2,5,3,0.12,1.0,WARMING_UP,WARMING_UP,WARMING_UP,0.0,0,60.927,0.00797
4,0.16,,3.0,0.2,5,3,0.16,1.0,WARMING_UP,WARMING_UP,WARMING_UP,0.0,0,67.588,0.00751
5,0.2,,3.0,0.2,5,3,0.2,1.0,WARMING_UP,WARMING_UP,WARMING_UP,0.0,0,71.476,0.00907
6,0.24,,3.0,0.2,5,3,0.24,1.0,WARMING_UP,WARMING_UP,WARMING_UP,0.0,0,77.337,0.00731
7,0.28,,3.0,0.2,5,3,0.28,1.0,WARMING_UP,WARMING_UP,WARMING_UP,0.0,0,78.568,0.01091
8,0.32,,3.0,0.2,5,3,0.32,1.0,WARMING_UP,WARMING_UP,WARMING_UP,0.0,0,83.249,0.00762
9,0.36,,3.0,0.2,5,3,0.36,1.0,WARMING_UP,WARMING_UP,WARMING_UP,0.0,0,88.102,0.00731
10,0.4,,3.0,0.2,5,3,0.4,1.0,WARMING_UP,WARMING_UP,WARMING_UP,0.0,0,88.426,0.0106
11,0.44,,3.0,0.2,5,3,0.44,1.0,WARMING_UP,WARMING_UP,WARMING_UP,0.0,0,92.331,0.00748
12,0.48,,3.0,0.2,5,3,0.48,1.0,WARMING_UP,WARMING_UP,WARMING_UP,0.0,0,90.043,0.01438
13,0.52,,3.0,0.2,5,3,0.52,1.0,WARMING_UP,WARMING_UP,WARMING_UP,0.0,0,88.988,0.01193
14,0.56,,3.0,0.2,5,3,0.56,1.0,WARMING_UP,WARMING_UP,WARMING_UP,0.0,0,86.156,0.01622
15,0.6,,3.0,0.2,5,3,0.6,1.0,WARMING_UP,WARMING_UP,WARMING_UP,0.0,0,84.526,0.01398
16,0.64,,3.0,0.2,5,3,0.64,1.0,WARMING_UP,WARMING_UP,WARMING_UP,0.0,0,88.038,0.00807
17,0.68,,3.0,0.2,5,3,0.68,1.0,WARMING_UP,WARMING_UP,WARMING_UP,0.0,0,88.275,0.01072
18,0.72,,3.0,0.2,5,3,0.72,1.0,WARMING_UP,WARMING_UP,WARMING_UP,0.0,0,92.333,0.00737
19,0.76,,3.0,0.2,5,3,0.76,1.0,WARMING_UP,WARMING_UP,WARMING_UP,0.0,0,95.976,0.00752
20,0.8,,3.0,0.2,5,3,0.8,1.0,WARMING_UP,WARMING_UP,WARMING_UP,0.0,0,99.432,0.0073
21,0.84,,3.0,0.2,5,3,0.84,1.0,WARMING_UP,WARMING_UP,WARMING_UP,0.0,0,102.439,0.00743
22,0.88,,3.0,0.2,5,3,0.88,1.0,WARMING_UP,WARMING_UP,WARMING_UP,0.0,0,103.805,0.00829
23,0.92,,3.0,0.2,5,3,0.92,1.0,WARMING_UP,WARMING_UP,WARMING_UP,0.0,0,106.415,0.00737
24,0.96,,3.0,0.2,5,3,0.96,1.0,WARMING_UP,WARMING_UP,WARMING_UP,0.0,0,106.535,0.00939
25,1.0,,3.0,0.2,5,3,1.0,1.0,WARMING_UP,WARMING_UP,WARMING_UP,0.0,0,107.044,0.00817
26,1.04,,3.0,0.2,5,3,1.04,1.0,WARMING_UP,WARMING_UP,WARMING_UP,0.0,0,102.952,0.01462
27,1.08,,3.0,0.2,5,3,1.08,1.0,WARMING_UP,WARMING_UP,WARMING_UP,0.0,0,99.434,0.01452
28,1.12,,3.0,0.2,5,3,1.12,1.0,WARMING_UP,WARMING_UP,WARMING_UP,0.0,0,96.187,0.01447
29,1.16,,3.0,0.2,5,3,1.16,1.0,WARMING_UP,WARMING_UP,WARMING_UP,0.0,0,98.911,0.00777
30,1.2,,3.0,0.2,5,3,1.2,1.0,WARMING_UP,WARMING_UP,WARMING_UP,0.0,0,96.286,0.01342
31,1.24,,3.0,0.2,5,3,1.24,1.0,WARMING_UP,WARMING_UP,WARMING_UP,0.0,0,97.646,0.00881
32,1.28,,3.0,0.2,5,3,1.28,1.0,WARMING_UP,WARMING_UP,WARMING_UP,0.0,0,100.557,0.00754
33,1.32,,3.0,0.2,5,3,1.32,1.0,WARMING_UP,WARMING_UP,WARMING_UP,0.0,0,102.795,0.00784
34,1.36,,3.0,0.2,5,3,1.36,1.0,WARMING_UP,WARMING_UP,WARMING_UP,0.0,0,105.583,0.00728
35,1.4,,3.0,0.2,5,3,1.4,1.0,WARMING_UP,WARMING_UP,WARMING_UP,0.0,0,104.465,0.01032
36,1.44,,3.0,0.2,5,3,1.44,1.0,WARMING_UP,WARMING_UP,WARMING_UP,0.0,0,100.738,0.01483
37,1.48,,3.0,0.2,5,3,1.48,1.0,WARMING_UP,WARMING_UP,WARMING_UP,0.0,0,102.932,0.00753
38,1.52,,3.0,0.2,5,3,1.52,1.0,WARMING_UP,WARMING_UP,WARMING_UP,0.0,0,105.496,0.00748
39,1.56,,3.0,0.2,5,3,1.56,1.0,WARMING_UP,WARMING_UP,WARMING_UP,0.0,0,107.831,0.00736
40,1.6,,3.0,0.2,5,3,1.6,1.0,WARMING_UP,WARMING_UP,WARMING_UP,0.0,0,109.495,0.00777
41,1.64,,3.0,0.2,5,3,1.64,1.0,WARMING_UP,WARMING_UP,WARMING_UP,0.0,0,107.305,0.01097
42,1.68,,3.0,0.2,5,3,1.68,1.0,WARMING_UP,WARMING_UP,WARMING_UP,0.0,0,109.204,0.00764
43,1.72,,3.0,0.2,5,3,1.72,1.0,WARMING_UP,WARMING_UP,WARMING_UP,0.0,0,105.038,0.01447
44,1.76,,3.0,0.2,5,3,1.76,1.0,WARMING_UP,WARMING_UP,WARMING_UP,0.0,0,101.425,0.01426
45,1.8,,3.0,0.2,5,3,1.8,1.0,WARMING_UP,WARMING_UP,WARMING_UP,0.0,0,100.899,0.01004
46,1.84,,3.0,0.2,5,3,1.84,1.0,WARMING_UP,WARMING_UP,WARMING_UP,0.0,0,103.56,0.00753
47,1.88,,3.0,0.2,5,3,1.88,1.0,WARMING_UP,WARMING_UP,WARMING_UP,0.0,0,103.931,0.00905
48,1.92,,3.0,0.2,5,3,1.92,1.0,WARMING_UP,WARMING_UP,WARMING_UP,0.0,0,100.387,0.01471
49,1.96,,3.0,0.2,5,3,1.96,1.0,WARMING_UP,WARMING_UP,WARMING_UP,0.0,0,97.361,0.0135
50,2.0,,3.0,0.2,5,3,2.0,1.0,WARMING_UP,WARMING_UP,WARMING_UP,0.0,0,94.285,0.01469
51,2.04,,3.0,0.2,5,3,2.04,1.0,WARMING_UP,WARMING_UP,WARMING_UP,0.0,0,95.026,0.00951
52,2.08,,3.0,0.2,5,3,2.08,1.0,WARMING_UP,WARMING_UP,WARMING_UP,0.0,0,92.136,0.01481
53,2.12,,3.0,0.2,5,3,2.12,1.0,WARMING_UP,WARMING_UP,WARMING_UP,0.0,0,89.7,0.01449
54,2.16,,3.0,0.2,5,3,2.16,1.0,WARMING_UP,WARMING_UP,WARMING_UP,0.0,0,89.703,0.01092
55,2.2,,3.0,0.2,5,3,2.2,1.0,WARMING_UP,WARMING_UP,WARMING_UP,0.0,0,93.327,0.00756
56,2.24,,3.0,0.2,5,3,2.24,1.0,WARMING_UP,WARMING_UP,WARMING_UP,0.0,0,96.83,0.00745
57,2.28,,3.0,0.2,5,3,2.28,1.0,WARMING_UP,WARMING_UP,WARMING_UP,0.0,0,97.076,0.00979
58,2.32,,3.0,0.2,5,3,2.32,1.0,WARMING_UP,WARMING_UP,WARMING_UP,0.0,0,100.299,0.00745
59,2.36,,3.0,0.2,5,3,2.36,1.0,WARMING_UP,WARMING_UP,WARMING_UP,0.0,0,97.743,0.01308
60,2.4,,3.0,0.2,5,3,2.4,1.0,WARMING_UP,WARMING_UP,WARMING_UP,0.0,0,96.982,0.01114
