frame_id,time_sec,valid_pose,mean_keypoint_conf,low_keypoint_count,nose_x,nose_y,left_eye_x,left_eye_y,right_eye_x,right_eye_y,left_ear_x,left_ear_y,right_ear_x,right_ear_y,left_shoulder_x,left_shoulder_y,right_shoulder_x,right_shoulder_y,left_elbow_x,left_elbow_y,right_elbow_x,right_elbow_y,left_wrist_x,left_wrist_y,right_wrist_x,right_wrist_y,left_hip_x,left_hip_y,right_hip_x,right_hip_y,left_knee_x,left_knee_y,right_knee_x,right_knee_y,left_ankle_x,left_ankle_y,right_ankle_x,right_ankle_y,left_elbow_angle,right_elbow_angle,left_knee_angle,right_knee_angle
1,0.0,1,0.8619,1,14.243178,-2.049497,14.671454,-2.496192,14.180396,-2.938487,13.954695,-3.357174,12.444936,-3.855186,10.990924,-2.158051,9.993714,-2.083396,8.5667,2.462574,8.598126,4.113861,9.938178,8.817244,9.285618,8.967896,0.506419,0.510644,-0.506423,-0.510644,-7.153213,4.951324,-8.968173,4.384027,-14.19376,4.756136,-16.022264,3.948245,140.137238,159.247664,148.308913,146.417817
2,0.0333,1,0.8612,1,14.358839,-2.084735,14.785342,-2.5357,14.294665,-2.97592,14.050381,-3.402329,12.538281,-3.891404,11.063781,-2.183969,10.066521,-2.109987,8.633264,2.484379,8.674558,4.120303,9.997353,8.85335,9.365216,8.99109,0.507562,0.513759,-0.507566,-0.513759,-7.199913,4.973198,-9.012857,4.402091,-14.205037,4.756397,-16.033861,3.958394,140.408004,159.335356,148.17424,146.357106
3,0.0667,1,0.858,1,14.660097,-2.04508,15.071892,-2.514599,14.59425,-2.958866,14.26466,-3.466738,12.750518,-3.955285,11.218779,-2.279321,10.220587,-2.219212,8.754273,2.49629,8.809814,4.103377,10.181109,8.961828,9.506159,9.080997,0.515291,0.524705,-0.515295,-0.524703,-7.360537,5.057001,-9.231388,4.470221,-14.433202,4.797513,-16.347897,4.007983,140.258768,159.45782,147.979731,146.467996
4,0.1,1,0.8692,1,13.82268,-2.081295,14.339426,-2.499966,13.757896,-2.991113,13.815634,-3.245079,12.082098,-3.874871,10.747496,-1.99124,9.748897,-2.044163,8.400968,2.471073,8.425011,3.988105,9.745071,8.617335,9.166536,8.728882,0.505793,0.528727,-0.505793,-0.528729,-7.040009,4.878293,-8.793758,4.189235,-13.696189,4.716709,-15.521132,3.670347,139.92654,158.731838,148.64928,145.938553
5,0.1333,1,0.8546,1,14.619669,-2.006453,15.035334,-2.469357,14.572506,-2.928201,14.261106,-3.431219,12.768164,-3.94872,11.208744,-2.266501,10.210067,-2.215078,8.7287,2.468159,8.723514,4.084077,10.163972,8.980069,9.504349,9.068081,0.517412,0.526944,-0.517412,-0.526944,-7.37871,5.08278,-9.257742,4.478061,-14.446515,4.797016,-16.383163,3.945341,139.924498,157.817516,147.700976,145.927433
6,0.1667,1,0.842,2,15.645167,-1.897701,15.990956,-2.412791,15.632148,-2.871835,15.028095,-3.617672,13.763563,-4.070932,11.924501,-2.535398,10.946831,-2.325258,9.250459,2.567839,9.300297,4.492942,10.883623,9.589422,10.173003,9.733878,0.524262,0.528833,-0.524262,-0.528833,-7.897021,5.337903,-9.943699,4.82306,-15.571067,4.99337,-17.607941,4.248327,139.252201,156.969518,147.700362,146.107303
7,0.2,1,0.8385,2,16.14427,-1.846664,16.463474,-2.38211,16.143879,-2.835645,15.440803,-3.688464,14.269462,-4.097624,12.316714,-2.647993,11.36,-2.356966,9.572232,2.609777,9.637765,4.683176,11.285718,9.860595,10.494505,10.022998,0.522925,0.530441,-0.522929,-0.530441,-8.087687,5.470836,-10.209291,5.000838,-16.000055,5.083629,-18.118526,4.403608,139.14008,157.13859,147.353011,145.953763
8,0.2333,1,0.8398,2,16.120155,-1.84687,16.446629,-2.378294,16.120314,-2.837385,15.439765,-3.674302,14.248486,-4.099665,12.307121,-2.63218,11.343604,-2.364532,9.563264,2.621716,9.623616,4.661546,11.255828,9.869508,10.467014,10.01009,0.525325,0.535134,-0.52532,-0.535134,-8.080187,5.461478,-10.202071,4.972913,-15.977578,5.089418,-18.098644,4.381648,139.279472,157.283432,147.513125,146.069187
9,0.2667,1,0.8393,2,15.487679,-1.847118,15.807084,-2.365186,15.469708,-2.795072,14.82535,-3.590856,13.628046,-3.977138,11.808002,-2.56837,10.848006,-2.288353,9.148186,2.444504,9.173873,4.431681,10.74106,9.429255,9.979714,9.612064,0.518415,0.507827,-0.518415,-0.507825,-7.757476,5.217364,-9.840955,4.767276,-15.360242,4.871184,-17.473997,4.230986,139.203107,157.169067,147.750145,146.477976
10,0.3,1,0.8364,2,15.862251,-1.661345,16.181156,-2.195908,15.871014,-2.651604,15.25924,-3.558133,14.110488,-3.964122,12.200921,-2.605287,11.26511,-2.252784,9.382418,2.578556,9.46615,4.783708,11.083342,9.926042,10.343105,10.142583,0.517172,0.512481,-0.517172,-0.512483,-7.939628,5.526482,-10.086939,5.10147,-15.941581,5.17634,-18.118681,4.496182,138.432436,156.365055,146.830981,145.292879
11,0.3333,1,0.8394,2,15.187843,-1.329007,15.51074,-1.815933,15.216579,-2.289917,14.693801,-3.144157,13.562858,-3.629884,11.782085,-2.326994,10.796824,-2.155942,8.995281,2.626764,9.02317,4.498465,10.70132,9.592113,9.812102,9.70451,0.523256,0.530598,-0.523256,-0.5306,-7.75097,5.404655,-9.82412,4.891904,-15.627782,5.021101,-17.620375,4.270063,136.876842,156.458317,146.711387,145.19701
12,0.3667,1,0.8363,2,14.252109,-1.788759,14.536975,-2.256415,14.287332,-2.616003,13.53396,-3.449539,12.63933,-3.695044,10.758327,-2.631006,9.897079,-2.12282,8.401851,1.632858,8.34133,3.729454,9.922042,7.5643,9.431673,8.390062,0.428687,0.408666,-0.428683,-0.408667,-7.91967,3.984101,-9.380713,3.65049,-14.237195,4.26543,-15.062675,3.721665,136.697093,151.945524,159.365318,156.326522
13,0.4,1,0.8136,2,15.144719,-1.235847,15.335951,-1.704868,15.264129,-2.075773,14.079498,-3.170564,13.586832,-3.395017,11.320004,-2.682133,10.472604,-2.151179,8.526781,1.479211,8.486208,3.614676,10.241014,7.48662,9.239383,8.563231,0.442254,0.428261,-0.442254,-0.428261,-8.319694,4.228581,-10.111163,3.918833,-15.316296,4.249341,-16.29114,3.834545,130.203,152.336601,156.722179,155.010139
14,0.4333,1,0.8083,2,14.517632,-1.301752,14.68959,-1.749863,14.639325,-2.096826,13.480498,-3.127498,13.084222,-3.31981,10.912461,-2.64463,10.065051,-2.113692,8.151925,1.357673,8.036928,3.449121,9.820555,7.154953,8.797097,8.2254,0.436563,0.409537,-0.436563,-0.409537,-8.075873,4.048842,-9.855697,3.781065,-14.96151,4.042361,-15.950603,3.707742,129.347141,150.925786,156.798005,155.326322
15,0.4667,1,0.8151,2,16.515583,-0.859018,16.783195,-1.275641,16.719131,-1.796475,15.536514,-2.711285,15.002642,-3.256596,12.512326,-2.206644,11.515028,-2.133191,9.084362,2.076493,8.910518,3.671139,10.860745,8.519763,9.611371,9.147999,0.516748,0.59079,-0.516744,-0.59079,-9.472019,4.917379,-11.532446,4.24625,-17.816713,4.891656,-18.937122,4.06914,125.91502,148.541056,156.403767,154.923354
16,0.5,1,0.8123,2,16.341766,-0.242824,16.523027,-0.668433,16.572813,-1.134668,15.256987,-2.301873,15.002095,-2.715011,12.45749,-1.939274,11.461907,-1.845387,8.880995,2.09551,8.938713,3.498684,10.741455,7.944068,9.824254,8.553709,0.517875,0.555503,-0.517875,-0.555506,-8.817211,4.631651,-10.933329,4.113469,-16.833427,4.159803,-17.841146,3.718839,120.799552,144.789477,153.042963,152.584921
17,0.5333,1,0.8175,2,11.832953,-0.084261,12.049939,-0.421204,11.89777,-0.729228,11.339481,-1.548131,10.683149,-1.790895,9.363307,-1.222496,8.370507,-1.10271,6.73313,1.699508,6.54889,2.832315,7.851249,5.722677,7.121813,6.250678,0.462786,0.418922,-0.462789,-0.418923,-6.755011,3.617592,-8.338403,3.238266,-12.886357,2.976291,-13.796508,2.732146,122.477066,145.645015,150.12771,149.793524
18,0.5667,1,0.8262,2,9.464493,0.060474,9.640228,-0.213292,9.51514,-0.446443,9.160142,-1.153852,8.589375,-1.310495,7.682056,-0.901286,6.691649,-0.763108,5.568795,1.335619,5.278696,2.28284,6.419965,4.346449,5.973002,4.75252,0.43816,0.329028,-0.438157,-0.329029,-5.472479,2.614382,-6.855915,2.358986,-10.199317,1.996018,-10.951412,1.8818,120.842317,139.412004,151.40787,150.628276
19,0.6,1,0.8304,2,9.913831,0.631352,9.986493,0.342467,9.964982,0.132547,9.41572,-0.796336,9.134797,-0.84997,8.104778,-0.785998,7.11734,-0.627989,5.599661,1.55838,5.174232,2.545075,6.558932,4.83215,6.205018,5.113236,0.451863,0.328789,-0.451865,-0.328789,-5.598854,2.866793,-7.149248,2.759981,-10.932997,1.780075,-12.070554,2.016965,116.770098,126.648614,145.728939,146.655653
20,0.6333,1,0.8082,2,8.015244,0.402608,8.070216,0.169619,8.101646,0.001946,7.614508,-0.748156,7.461408,-0.797403,6.69416,-0.655502,5.707423,-0.493173,4.775949,1.131204,4.319495,1.978191,5.528674,3.536827,5.155305,3.961495,0.422081,0.269627,-0.422081,-0.269627,-4.797369,2.0279,-6.161206,1.923115,-9.119421,1.32715,-9.791151,1.469682,115.592148,127.82956,152.173445,151.969474
21,0.6667,1,0.845,2,9.042467,0.227013,9.198016,-0.04064,9.079944,-0.24621,8.898504,-0.99274,8.41678,-1.080669,7.69034,-0.937202,6.702177,-0.783798,5.26882,1.134492,4.978307,2.132618,6.072992,4.123105,5.809407,4.319552,0.449689,0.330141,-0.449692,-0.330141,-5.764091,2.250471,-7.298283,2.118327,-10.801257,1.380754,-11.951964,1.500898,115.487764,128.604729,153.030452,152.769723
22,0.7,1,0.8233,2,9.627975,0.044218,9.788178,-0.187619,9.739508,-0.419997,9.412262,-1.045799,9.121148,-1.190258,8.158507,-1.026124,7.164265,-0.918977,5.580525,0.926771,5.229872,1.949142,6.335471,3.734652,5.880865,4.109101,0.458609,0.369212,-0.458612,-0.369212,-6.32017,2.007979,-7.994884,1.801718,-11.640445,1.128467,-12.828539,1.152685,112.095932,129.230096,157.022676,156.282621
23,0.7333,1,0.8061,2,11.671097,-0.107903,11.846494,-0.356711,11.873711,-0.631146,11.298551,-1.256465,11.195746,-1.423616,9.726907,-1.130645,8.738311,-0.980052,6.80352,0.882757,6.412017,2.133502,7.731406,3.917849,7.015009,4.506422,0.476516,0.437389,-0.476516,-0.437387,-7.595267,2.056957,-9.510983,1.79275,-13.43935,1.025731,-14.777111,0.996419,107.556657,128.976849,158.647311,157.534897
24,0.7667,1,0.7788,3,13.372447,0.382477,13.493721,0.137254,13.666777,-0.140023,12.766457,-0.882454,12.966386,-1.002667,11.140336,-0.856891,10.143963,-0.771794,7.531131,1.068066,6.977923,2.248827,8.345254,3.999886,7.185942,4.835187,0.475597,0.519599,-0.475601,-0.5196,-8.932015,2.281697,-10.800082,1.972122,-16.014942,0.794357,-17.147326,0.946373,102.553876,129.05514,157.531912,157.251705
25,0.8,1,0.7925,4,14.858664,0.455335,15.158081,0.25453,15.268074,-0.116256,14.740377,-0.519432,14.778274,-0.837291,12.709785,-0.269896,11.717347,-0.392634,8.504377,1.453725,8.084064,2.548428,9.582417,4.545226,8.492165,5.3499,0.496504,0.643126,-0.496508,-0.643126,-10.232754,2.520063,-12.232504,2.014282,-17.862942,1.006755,-19.211117,0.911234,93.06245,120.701216,158.859322,158.259582
26,0.8333,1,0.7934,4,14.663181,0.502584,14.951195,0.302575,15.067831,-0.0597,14.540836,-0.474061,14.5923,-0.778231,12.566209,-0.223371,11.574259,-0.350003,8.383057,1.498696,7.954928,2.558821,9.452631,4.55594,8.354281,5.33904,0.494339,0.636518,-0.494334,-0.636516,-10.118855,2.53271,-12.103165,2.040184,-17.709562,1.002781,-19.050943,0.938959,93.093012,120.614428,158.474739,158.009494
27,0.8667,1,0.8145,3,6.931261,0.537077,7.099206,0.439184,7.075331,0.280808,7.075776,0.134748,6.825003,0.00147,6.375624,0.434584,5.392636,0.250914,4.477956,1.266056,3.560587,1.564182,4.766136,2.236666,3.986099,2.758398,0.391563,0.334628,-0.391561,-0.334628,-4.918079,1.336502,-5.919869,1.04633,-8.662533,0.332524,-9.266904,0.39765,97.124345,106.022554,154.305176,155.006292
28,0.9,1,0.8322,2,4.182689,0.454907,4.334214,0.407889,4.294039,0.291599,4.573835,0.276683,4.27918,0.124516,4.371434,0.574771,3.420825,0.264382,3.227499,1.11481,2.290197,1.011274,3.006944,1.320355,2.586828,1.757662,0.35123,0.27381,-0.351231,-0.27381,-3.382308,0.891684,-4.051507,0.542469,-5.876822,0.170305,-6.148261,0.090577,162.28899,101.774766,154.473975,155.397485
29,0.9333,1,0.7919,3,7.881397,1.082278,8.004729,0.96888,8.107199,0.794078,7.939555,0.475289,7.916403,0.348846,7.239963,0.622055,6.241905,0.55976,5.041263,1.431222,4.51692,2.078412,5.633342,2.275471,5.140337,3.102549,0.434445,0.352992,-0.434442,-0.352991,-5.684687,1.337039,-7.027438,1.123564,-10.186622,0.134919,-11.020653,0.273992,75.162348,100.030297,155.913735,155.365635
30,0.9667,1,0.7997,3,7.30163,1.223117,7.45067,1.093929,7.50777,0.947861,7.534142,0.558221,7.39127,0.477792,6.867732,0.630557,5.86968,0.69296,4.696273,1.387812,4.273294,2.20524,5.290314,2.18088,4.942223,3.058132,0.429186,0.307558,-0.429186,-0.307558,-5.289953,1.28713,-6.615032,1.170952,-9.472723,0.245627,-10.348775,0.44096,72.390491,95.342905,156.298512,155.49516
31,1.0,1,0.7985,3,6.024887,0.999556,6.170529,0.887809,6.177619,0.782847,6.298275,0.470514,6.063773,0.431723,5.789672,0.548097,4.795622,0.657027,3.996836,1.202204,3.444345,1.971134,4.35963,1.774289,4.041124,2.51973,0.405254,0.244597,-0.405252,-0.244596,-4.374261,0.966821,-5.484781,0.906356,-7.874297,0.111889,-8.574883,0.306154,77.66298,86.792173,157.680637,156.241239
32,1.0333,1,0.7956,3,6.225689,1.014432,6.369803,0.896462,6.385558,0.794799,6.480636,0.460361,6.269253,0.439504,5.938709,0.526862,4.951061,0.68355,4.093721,1.187648,3.567274,2.053325,4.548502,1.766853,4.238703,2.55779,0.406613,0.240219,-0.406613,-0.240218,-4.492145,0.964829,-5.637239,0.939396,-8.042259,0.094291,-8.787347,0.327912,71.566756,81.627083,157.808147,156.305854
33,1.0667,1,0.7834,3,6.526213,1.054765,6.627375,0.928222,6.677638,0.838777,6.577681,0.422155,6.463749,0.455492,6.015131,0.38269,5.048453,0.638687,4.225382,1.040174,3.75252,2.033993,4.71667,1.770588,4.424992,2.514753,0.407959,0.220031,-0.407957,-0.220031,-4.458632,0.87772,-5.703393,0.920358,-8.008857,0.022948,-8.826054,0.32234,76.245993,82.676162,158.766257,157.005395
34,1.1,1,0.8044,3,5.513072,0.921733,5.637798,0.816542,5.624503,0.731879,5.699826,0.413686,5.427908,0.411176,5.240124,0.428001,4.251973,0.581488,3.743677,0.990716,3.158497,1.743171,4.05974,1.480186,3.751778,2.147796,0.398349,0.208379,-0.398349,-0.208379,-3.877162,0.734695,-4.96998,0.700407,-6.947463,-0.061373,-7.63553,0.128522,77.756694,81.026828,158.446628,156.647783
35,1.1333,1,0.8062,2,26.830181,1.025966,27.303371,0.75807,28.014328,0.558489,27.365633,-0.420931,28.748783,-0.605396,23.563128,-0.579806,22.675842,-1.041027,17.631887,0.995985,17.023293,1.681063,21.220087,3.113157,21.842001,3.276298,0.928014,0.967659,-0.928014,-0.967659,-16.974186,1.081973,-18.781574,1.181414,-28.973297,-3.481457,-31.869455,-2.332465,45.420627,44.031141,158.811621,158.107653
36,1.1667,1,0.7813,3,32.686676,2.256619,33.270939,1.946575,34.260715,1.736813,33.548729,0.636234,35.522106,0.39762,29.051186,0.261286,28.320227,-0.421135,21.574766,1.617467,20.886044,2.503766,26.594591,3.256799,26.327873,4.152633,1.041462,1.244701,-1.041452,-1.244701,-22.021914,1.738089,-23.995943,1.861643,-37.578018,-4.012802,-41.15868,-2.436251,28.366904,38.333367,158.485762,158.234315
37,1.2,1,0.7876,3,53.775661,4.213812,54.52718,3.800418,56.3424,3.322179,53.997906,1.500931,57.789371,0.96306,45.672768,0.647493,45.704288,-0.35201,33.359905,2.508353,34.126663,4.162207,42.907356,5.240271,43.686954,6.658843,1.342686,1.870593,-1.342702,-1.870593,-34.073795,3.001077,-37.033985,3.386286,-58.405052,-6.193582,-64.28286,-3.738103,24.56215,35.936958,157.47044,156.96895
38,1.2333,1,0.7903,3,50.264629,3.919402,50.989212,3.531857,52.647217,3.081444,50.581341,1.36488,54.005932,0.847962,42.852837,0.580088,42.706707,-0.409177,31.388376,2.447226,31.923103,3.872014,40.179348,5.069532,41.003338,6.260453,1.310219,1.760733,-1.310219,-1.760733,-31.7465,2.846643,-34.521435,3.172354,-54.57333,-5.835862,-60.018547,-3.565289,25.859754,36.390636,157.293498,156.749112
39,1.2667,1,0.793,3,24.787163,1.90706,25.212486,1.724566,25.912003,1.490692,25.23629,0.731648,26.560268,0.425235,21.677605,0.412603,20.939182,-0.261736,16.217739,1.60013,15.605442,1.952751,20.233116,3.329629,20.408932,3.537545,0.858967,0.923786,-0.858974,-0.923786,-15.77908,1.556395,-17.291851,1.594169,-27.442865,-2.823784,-30.061138,-1.791724,35.573252,40.806515,157.239556,156.43778
40,1.3,1,0.8017,2,20.797033,1.495048,21.193325,1.346038,21.714252,1.134476,21.258514,0.542949,22.207466,0.253176,18.266903,0.301799,17.442478,-0.264173,13.772581,1.301646,13.08008,1.613037,17.152069,2.806411,17.239805,2.89447,0.784791,0.77448,-0.784797,-0.77448,-13.1419,1.358342,-14.535874,1.380115,-22.819008,-2.200069,-25.051668,-1.388392,36.54398,40.404819,157.410149,156.345351
41,1.3333,1,0.7961,2,19.9424,1.52374,20.312553,1.381346,20.807028,1.181481,20.360973,0.604905,21.243422,0.332117,17.521345,0.336498,16.688993,-0.21775,13.235727,1.299394,12.470969,1.599335,16.495594,2.788604,16.546019,2.934008,0.768662,0.74206,-0.768662,-0.74206,-12.568765,1.403524,-13.856221,1.42565,-22.117146,-2.127646,-24.215008,-1.327612,37.215381,41.440751,156.865425,155.710893
42,1.3667,1,0.7901,3,27.100046,2.195735,27.578327,2.013466,28.317751,1.728852,27.481403,0.973118,28.902109,0.589882,23.44828,0.500913,22.67388,-0.131782,17.499708,1.481603,16.857975,2.203012,22.225145,3.085974,22.041962,3.690854,0.927985,0.976191,-0.927978,-0.976191,-17.213449,1.759949,-18.955622,1.860556,-29.866642,-2.7244,-32.76582,-1.636158,28.11494,37.886851,158.011665,156.84895
43,1.4,1,0.7966,2,23.268591,0.958927,23.747169,0.789476,24.274704,0.5648,23.826248,0.105301,24.830463,-0.190873,20.480705,0.071778,19.648174,-0.482199,15.487705,1.085275,14.593017,1.665365,19.118645,2.341298,18.651087,2.812482,0.823388,0.883605,-0.823395,-0.883605,-15.314669,1.253162,-16.817322,1.229295,-26.425915,-2.618112,-28.911343,-1.782568,30.555846,38.801348,159.479291,158.49012
44,1.4333,1,0.7963,2,23.009062,0.977557,23.485249,0.807329,24.00771,0.589425,23.585344,0.129239,24.571943,-0.158505,20.282627,0.101253,19.45262,-0.456497,15.367136,1.106728,14.461222,1.6584,18.974606,2.330371,18.503273,2.819667,0.817941,0.878131,-0.817948,-0.878131,-15.195006,1.229145,-16.674379,1.196056,-26.11389,-2.603253,-28.574331,-1.770611,30.297283,38.99195,159.403786,158.548903
45,1.4667,1,0.7875,3,6.852256,0.750658,7.031534,0.662739,7.069049,0.524659,7.123671,0.334974,6.984632,0.242417,6.455691,0.397776,5.465463,0.537231,4.326371,0.993649,3.949277,1.959039,4.887472,1.635579,4.646117,2.5238,0.420815,0.274949,-0.420815,-0.274948,-5.139391,0.752454,-6.446825,0.68714,-9.131434,-0.017671,-9.972614,0.11816,64.477643,82.183459,164.172441,161.761788
46,1.5,1,0.7965,3,7.694375,0.93216,7.899807,0.826783,7.941969,0.64909,8.024977,0.413887,7.861075,0.260827,7.209743,0.522318,6.21204,0.590056,4.737653,1.258115,4.471272,2.226218,5.484094,2.057676,5.269802,3.05904,0.438867,0.327352,-0.438867,-0.327352,-5.818879,1.198298,-7.206501,1.06817,-10.437546,0.187832,-11.345377,0.296263,63.543089,89.429906,159.735888,157.784217
47,1.5333,1,0.8047,3,8.004663,1.178894,8.11762,0.999483,8.173863,0.872221,8.033144,0.333093,7.921194,0.343448,7.292283,0.42107,6.315916,0.63719,5.070909,1.270763,4.595288,2.37786,5.755982,2.243991,5.338825,3.29472,0.426964,0.291727,-0.426964,-0.291728,-5.569803,1.509084,-6.890539,1.490648,-10.158543,0.29911,-11.039251,0.649431,75.789796,96.291076,153.753037,153.12122
48,1.5667,1,0.826,2,9.200433,0.725825,9.385858,0.590449,9.417325,0.371468,9.251335,0.113553,9.128023,-0.06339,8.223319,0.43702,7.235829,0.279334,5.510456,1.497115,4.757261,2.069481,6.223768,3.119372,5.256048,3.806885,0.430898,0.422496,-0.430895,-0.422495,-6.625628,1.961491,-8.013041,1.655108,-11.836528,0.662291,-12.800241,0.776007,87.608608,109.820586,153.696944,154.270745
49,1.6,1,0.8419,2,10.334296,0.269413,10.63518,0.135036,10.543982,-0.186196,10.505979,-0.323228,10.081813,-0.702482,8.990356,0.050724,8.036176,-0.248506,5.879372,1.436813,5.378014,1.987918,6.523618,3.691174,5.758329,4.265715,0.436902,0.502445,-0.436902,-0.502446,-7.384875,2.215495,-8.820477,1.684377,-13.374611,0.964869,-14.374887,0.686161,98.066442,120.596275,155.853038,155.19217
50,1.6333,1,0.839,2,10.436844,0.265415,10.739125,0.12751,10.649522,-0.189984,10.608699,-0.339017,10.188512,-0.705373,9.085376,0.02282,8.121458,-0.24338,5.963553,1.403866,5.450156,2.020934,6.603808,3.677156,5.82983,4.291222,0.440998,0.499796,-0.441001,-0.499796,-7.439838,2.199577,-8.893174,1.686555,-13.442471,0.951031,-14.457758,0.687871,98.134382,120.792014,156.078631,155.322362
51,1.6667,1,0.8181,2,11.536786,0.12734,11.698074,-0.112245,11.734644,-0.380583,11.157381,-0.994199,11.055285,-1.157004,9.606942,-0.797733,8.610715,-0.710946,6.422733,1.108309,5.884971,2.244169,7.286399,3.867458,6.42556,4.589184,0.474505,0.435349,-0.474505,-0.435349,-7.496608,2.207111,-9.337908,1.954295,-13.629659,0.956611,-14.992297,1.026065,103.523298,124.3307,155.944046,155.588772
52,1.7,1,0.8519,1,9.538873,-0.079038,9.804994,-0.309151,9.643555,-0.586199,9.680861,-1.05487,9.092329,-1.318255,8.263022,-0.833166,7.263301,-0.856771,5.362948,1.132604,4.974959,2.093612,6.157785,3.980025,5.669379,4.396523,0.458183,0.402953,-0.458183,-0.402953,-6.666836,2.226874,-8.203101,1.936542,-12.353575,1.335518,-13.574469,1.218109,108.534064,125.422391,156.733096,155.573869
53,1.7333,1,0.8447,2,10.351893,0.121112,10.538773,-0.152737,10.404449,-0.40055,10.127225,-1.055146,9.625564,-1.208249,8.666533,-0.811465,7.666613,-0.798871,5.778352,1.431207,5.229208,2.353487,6.710126,4.780684,6.050455,5.099741,0.459316,0.407189,-0.459316,-0.407189,-6.727111,2.851132,-8.240785,2.594593,-12.803901,1.631255,-14.035246,1.722951,112.283575,125.63987,149.867076,150.350684
54,1.7667,1,0.8019,2,9.704397,0.344315,9.771641,0.070771,9.835277,-0.162124,9.198044,-1.033569,9.080746,-1.167393,8.026014,-0.947057,7.035143,-0.81225,5.624262,1.191701,5.277412,2.19538,6.490814,4.274615,5.986728,4.856003,0.445951,0.355532,-0.445951,-0.355532,-6.109665,2.571491,-7.644907,2.345232,-11.834364,1.738738,-12.567944,1.743683,115.985318,134.769233,153.046903,152.469438
55,1.8,1,0.8026,2,12.907687,0.418293,12.994799,0.017312,13.026811,-0.240868,12.121885,-1.526076,11.882098,-1.5748,10.294372,-1.500112,9.352921,-1.162961,7.330967,1.492354,7.297632,2.888141,8.699276,6.046058,7.889772,6.560948,0.462933,0.418662,-0.462937,-0.418664,-7.460622,3.570122,-9.24724,3.377136,-14.352274,2.76441,-15.273382,2.891841,118.554954,143.940867,151.642392,152.026086
56,1.8333,1,0.8032,2,13.042651,0.413332,13.132372,0.009977,13.16494,-0.254605,12.253237,-1.543854,12.011821,-1.602926,10.403831,-1.511037,9.457337,-1.188312,7.401692,1.528233,7.372551,2.909788,8.776289,6.146946,7.957641,6.633472,0.465918,0.427466,-0.465922,-0.427464,-7.54683,3.619475,-9.346409,3.412462,-14.533766,2.822056,-15.458449,2.936032,118.778379,144.106963,151.768345,152.15916
57,1.8667,1,0.8222,2,13.164032,-0.004653,13.403378,-0.35845,13.319455,-0.752477,12.765899,-1.723279,12.198131,-2.104107,10.617359,-1.538111,9.617373,-1.532768,7.628494,1.67627,7.549639,2.79816,8.987735,6.775734,8.10027,7.146477,0.482686,0.518138,-0.482682,-0.518138,-7.940478,3.873855,-9.676435,3.338694,-15.032343,3.44876,-15.835091,2.981079,122.157112,147.261591,154.847807,153.918414
58,1.9,1,0.8127,2,19.73156,-0.502522,19.914091,-1.05153,19.970339,-1.55217,18.364536,-3.08177,18.064264,-3.429385,15.057063,-2.775835,14.103711,-2.473976,11.06227,2.149894,11.074584,4.156108,13.371847,9.631953,11.866845,10.469539,0.522602,0.665087,-0.522602,-0.66509,-11.251476,5.240972,-13.507017,4.655565,-21.223961,4.991435,-22.311258,4.533817,123.803236,148.292918,157.328461,156.925291
59,1.9333,1,0.8223,2,18.477818,-1.356399,18.747719,-1.870805,18.668102,-2.388102,17.360445,-3.590769,16.728271,-4.039958,13.996873,-3.072867,13.023247,-2.844717,10.597579,1.872955,10.641521,3.799624,12.715666,9.101293,11.355554,10.093204,0.524417,0.641825,-0.524417,-0.641825,-10.710496,4.920121,-12.911164,4.210972,-19.308414,5.118933,-20.478556,4.334898,129.167105,153.806549,160.477598,159.544292
60,1.9667,1,0.834,2,15.739436,-1.51492,15.939108,-2.025427,15.807182,-2.38998,14.61866,-3.562351,13.960059,-3.75733,11.767488,-3.029612,10.898602,-2.534599,8.93387,1.437396,9.113387,3.503103,10.654819,7.570441,9.769452,8.664058,0.448092,0.470888,-0.448096,-0.470888,-8.999829,4.191032,-10.768528,3.821161,-16.322443,4.444479,-17.173014,4.065831,131.937006,156.283589,160.490141,159.606414
